id,name,image_url,image_path
1,bulbasaur,https://raw.githubusercontent.com/PokeAPI/sprites/master/sprites/pokemon/1.png,images/bulbasaur.png
2,ivysaur,https://raw.githubusercontent.com/PokeAPI/sprites/master/sprites/pokemon/2.png,images/ivysaur.png
3,venusaur,https://raw.githubusercontent.com/PokeAPI/sprites/master/sprites/pokemon/3.png,images/venusaur.png
4,charmander,https://raw.githubusercontent.com/PokeAPI/sprites/master/sprites/pokemon/4.png,images/charmander.png
5,charmeleon,https://raw.githubusercontent.com/PokeAPI/sprites/master/sprites/pokemon/5.png,images/charmeleon.png
6,charizard,https://raw.githubusercontent.com/PokeAPI/sprites/master/sprites/pokemon/6.png,images/charizard.png
7,squirtle,https://raw.githubusercontent.com/PokeAPI/sprites/master/sprites/pokemon/7.png,images/squirtle.png
8,wartortle,https://raw.githubusercontent.com/PokeAPI/sprites/master/sprites/pokemon/8.png,images/wartortle.png
9,blastoise,https://raw.githubusercontent.com/PokeAPI/sprites/master/sprites/pokemon/9.png,images/blastoise.png
10,caterpie,https://raw.githubusercontent.com/PokeAPI/sprites/master/sprites/pokemon/10.png,images/caterpie.png
11,metapod,https://raw.githubusercontent.com/PokeAPI/sprites/master/sprites/pokemon/11.png,images/metapod.png
12,butterfree,https://raw.githubusercontent.com/PokeAPI/sprites/master/sprites/pokemon/12.png,images/butterfree.png
13,weedle,https://raw.githubusercontent.com/PokeAPI/sprites/master/sprites/pokemon/13.png,images/weedle.png
14,kakuna,https://raw.githubusercontent.com/PokeAPI/sprites/master/sprites/pokemon/14.png,images/kakuna.png
15,beedrill,https://raw.githubusercontent.com/PokeAPI/sprites/master/sprites/pokemon/15.png,images/beedrill.png
16,pidgey,https://raw.githubusercontent.com/PokeAPI/sprites/master/sprites/pokemon/16.png,images/pidgey.png
17,pidgeotto,https://raw.githubusercontent.com/PokeAPI/sprites/master/sprites/pokemon/17.png,images/pidgeotto.png
18,pidgeot,https://raw.githubusercontent.com/PokeAPI/sprites/master/sprites/pokemon/18.png,images/pidgeot.png
19,rattata,https://raw.githubusercontent.com/PokeAPI/sprites/master/sprites/pokemon/19.png,images/rattata.png
20,raticate,https://raw.githubusercontent.com/PokeAPI/sprites/master/sprites/pokemon/20.png,images/raticate.png
21,spearow,https://raw.githubusercontent.com/PokeAPI/sprites/master/sprites/pokemon/21.png,images/spearow.png
22,fearow,https://raw.githubusercontent.com/PokeAPI/sprites/master/sprites/pokemon/22.png,images/fearow.png
23,ekans,https://raw.githubusercontent.com/PokeAPI/sprites/master/sprites/pokemon/23.png,images/ekans.png
24,arbok,https://raw.githubusercontent.com/PokeAPI/sprites/master/sprites/pokemon/24.png,images/arbok.png
25,pikachu,https://raw.githubusercontent.com/PokeAPI/sprites/master/sprites/pokemon/25.png,images/pikachu.png
26,raichu,https://raw.githubusercontent.com/PokeAPI/sprites/master/sprites/pokemon/26.png,images/raichu.png
27,sandshrew,https://raw.githubusercontent.com/PokeAPI/sprites/master/sprites/pokemon/27.png,images/sandshrew.png
28,sandslash,https://raw.githubusercontent.com/PokeAPI/sprites/master/sprites/pokemon/28.png,images/sandslash.png
29,nidoran-f,https://raw.githubusercontent.com/PokeAPI/sprites/master/sprites/pokemon/29.png,images/nidoran-f.png
30,nidorina,https://raw.githubusercontent.com/PokeAPI/sprites/master/sprites/pokemon/30.png,images/nidorina.png
31,nidoqueen,https://raw.githubusercontent.com/PokeAPI/sprites/master/sprites/pokemon/31.png,images/nidoqueen.png
32,nidoran-m,https://raw.githubusercontent.com/PokeAPI/sprites/master/sprites/pokemon/32.png,images/nidoran-m.png
33,nidorino,https://raw.githubusercontent.com/PokeAPI/sprites/master/sprites/pokemon/33.png,images/nidorino.png
34,nidoking,https://raw.githubusercontent.com/PokeAPI/sprites/master/sprites/pokemon/34.png,images/nidoking.png
35,clefairy,https://raw.githubusercontent.com/PokeAPI/sprites/master/sprites/pokemon/35.png,images/clefairy.png
36,clefable,https://raw.githubusercontent.com/PokeAPI/sprites/master/sprites/pokemon/36.png,images/clefable.png
37,vulpix,https://raw.githubusercontent.com/PokeAPI/sprites/master/sprites/pokemon/37.png,images/vulpix.png
38,ninetales,https://raw.githubusercontent.com/PokeAPI/sprites/master/sprites/pokemon/38.png,images/ninetales.png
39,jigglypuff,https://raw.githubusercontent.com/PokeAPI/sprites/master/sprites/pokemon/39.png,images/jigglypuff.png
40,wigglytuff,https://raw.githubusercontent.com/PokeAPI/sprites/master/sprites/pokemon/40.png,images/wigglytuff.png
41,zubat,https://raw.githubusercontent.com/PokeAPI/sprites/master/sprites/pokemon/41.png,images/zubat.png
42,golbat,https://raw.githubusercontent.com/PokeAPI/sprites/master/sprites/pokemon/42.png,images/golbat.png
43,oddish,https://raw.githubusercontent.com/PokeAPI/sprites/master/sprites/pokemon/43.png,images/oddish.png
44,gloom,https://raw.githubusercontent.com/PokeAPI/sprites/master/sprites/pokemon/44.png,images/gloom.png
45,vileplume,https://raw.githubusercontent.com/PokeAPI/sprites/master/sprites/pokemon/45.png,images/vileplume.png
46,paras,https://raw.githubusercontent.com/PokeAPI/sprites/master/sprites/pokemon/46.png,images/paras.png
47,parasect,https://raw.githubusercontent.com/PokeAPI/sprites/master/sprites/pokemon/47.png,images/parasect.png
48,venonat,https://raw.githubusercontent.com/PokeAPI/sprites/master/sprites/pokemon/48.png,images/venonat.png
49,venomoth,https://raw.githubusercontent.com/PokeAPI/sprites/master/sprites/pokemon/49.png,images/venomoth.png
50,diglett,https://raw.githubusercontent.com/PokeAPI/sprites/master/sprites/pokemon/50.png,images/diglett.png
51,dugtrio,https://raw.githubusercontent.com/PokeAPI/sprites/master/sprites/pokemon/51.png,images/dugtrio.png
52,meowth,https://raw.githubusercontent.com/PokeAPI/sprites/master/sprites/pokemon/52.png,images/meowth.png
53,persian,https://raw.githubusercontent.com/PokeAPI/sprites/master/sprites/pokemon/53.png,images/persian.png
54,psyduck,https://raw.githubusercontent.com/PokeAPI/sprites/master/sprites/pokemon/54.png,images/psyduck.png
55,golduck,https://raw.githubusercontent.com/PokeAPI/sprites/master/sprites/pokemon/55.png,images/golduck.png
56,mankey,https://raw.githubusercontent.com/PokeAPI/sprites/master/sprites/pokemon/56.png,images/mankey.png
57,primeape,https://raw.githubusercontent.com/PokeAPI/sprites/master/sprites/pokemon/57.png,images/primeape.png
58,growlithe,https://raw.githubusercontent.com/PokeAPI/sprites/master/sprites/pokemon/58.png,images/growlithe.png
59,arcanine,https://raw.githubusercontent.com/PokeAPI/sprites/master/sprites/pokemon/59.png,images/arcanine.png
60,poliwag,https://raw.githubusercontent.com/PokeAPI/sprites/master/sprites/pokemon/60.png,images/poliwag.png
61,poliwhirl,https://raw.githubusercontent.com/PokeAPI/sprites/master/sprites/pokemon/61.png,images/poliwhirl.png
62,poliwrath,https://raw.githubusercontent.com/PokeAPI/sprites/master/sprites/pokemon/62.png,images/poliwrath.png
63,abra,https://raw.githubusercontent.com/PokeAPI/sprites/master/sprites/pokemon/63.png,images/abra.png
64,kadabra,https://raw.githubusercontent.com/PokeAPI/sprites/master/sprites/pokemon/64.png,images/kadabra.png
65,alakazam,https://raw.githubusercontent.com/PokeAPI/sprites/master/sprites/pokemon/65.png,images/alakazam.png
66,machop,https://raw.githubusercontent.com/PokeAPI/sprites/master/sprites/pokemon/66.png,images/machop.png
67,machoke,https://raw.githubusercontent.com/PokeAPI/sprites/master/sprites/pokemon/67.png,images/machoke.png
68,machamp,https://raw.githubusercontent.com/PokeAPI/sprites/master/sprites/pokemon/68.png,images/machamp.png
69,bellsprout,https://raw.githubusercontent.com/PokeAPI/sprites/master/sprites/pokemon/69.png,images/bellsprout.png
70,weepinbell,https://raw.githubusercontent.com/PokeAPI/sprites/master/sprites/pokemon/70.png,images/weepinbell.png
71,victreebel,https://raw.githubusercontent.com/PokeAPI/sprites/master/sprites/pokemon/71.png,images/victreebel.png
72,tentacool,https://raw.githubusercontent.com/PokeAPI/sprites/master/sprites/pokemon/72.png,images/tentacool.png
73,tentacruel,https://raw.githubusercontent.com/PokeAPI/sprites/master/sprites/pokemon/73.png,images/tentacruel.png
74,geodude,https://raw.githubusercontent.com/PokeAPI/sprites/master/sprites/pokemon/74.png,images/geodude.png
75,graveler,https://raw.githubusercontent.com/PokeAPI/sprites/master/sprites/pokemon/75.png,images/graveler.png
76,golem,https://raw.githubusercontent.com/PokeAPI/sprites/master/sprites/pokemon/76.png,images/golem.png
77,ponyta,https://raw.githubusercontent.com/PokeAPI/sprites/master/sprites/pokemon/77.png,images/ponyta.png
78,rapidash,https://raw.githubusercontent.com/PokeAPI/sprites/master/sprites/pokemon/78.png,images/rapidash.png
79,slowpoke,https://raw.githubusercontent.com/PokeAPI/sprites/master/sprites/pokemon/79.png,images/slowpoke.png
80,slowbro,https://raw.githubusercontent.com/PokeAPI/sprites/master/sprites/pokemon/80.png,images/slowbro.png
81,magnemite,https://raw.githubusercontent.com/PokeAPI/sprites/master/sprites/pokemon/81.png,images/magnemite.png
82,magneton,https://raw.githubusercontent.com/PokeAPI/sprites/master/sprites/pokemon/82.png,images/magneton.png
83,farfetchd,https://raw.githubusercontent.com/PokeAPI/sprites/master/sprites/pokemon/83.png,images/farfetchd.png
84,doduo,https://raw.githubusercontent.com/PokeAPI/sprites/master/sprites/pokemon/84.png,images/doduo.png
85,dodrio,https://raw.githubusercontent.com/PokeAPI/sprites/master/sprites/pokemon/85.png,images/dodrio.png
86,seel,https://raw.githubusercontent.com/PokeAPI/sprites/master/sprites/pokemon/86.png,images/seel.png
87,dewgong,https://raw.githubusercontent.com/PokeAPI/sprites/master/sprites/pokemon/87.png,images/dewgong.png
88,grimer,https://raw.githubusercontent.com/PokeAPI/sprites/master/sprites/pokemon/88.png,images/grimer.png
89,muk,https://raw.githubusercontent.com/PokeAPI/sprites/master/sprites/pokemon/89.png,images/muk.png
90,shellder,https://raw.githubusercontent.com/PokeAPI/sprites/master/sprites/pokemon/90.png,images/shellder.png
91,cloyster,https://raw.githubusercontent.com/PokeAPI/sprites/master/sprites/pokemon/91.png,images/cloyster.png
92,gastly,https://raw.githubusercontent.com/PokeAPI/sprites/master/sprites/pokemon/92.png,images/gastly.png
93,haunter,https://raw.githubusercontent.com/PokeAPI/sprites/master/sprites/pokemon/93.png,images/haunter.png
94,gengar,https://raw.githubusercontent.com/PokeAPI/sprites/master/sprites/pokemon/94.png,images/gengar.png
95,onix,https://raw.githubusercontent.com/PokeAPI/sprites/master/sprites/pokemon/95.png,images/onix.png
96,drowzee,https://raw.githubusercontent.com/PokeAPI/sprites/master/sprites/pokemon/96.png,images/drowzee.png
97,hypno,https://raw.githubusercontent.com/PokeAPI/sprites/master/sprites/pokemon/97.png,images/hypno.png
98,krabby,https://raw.githubusercontent.com/PokeAPI/sprites/master/sprites/pokemon/98.png,images/krabby.png
99,kingler,https://raw.githubusercontent.com/PokeAPI/sprites/master/sprites/pokemon/99.png,images/kingler.png
100,voltorb,https://raw.githubusercontent.com/PokeAPI/sprites/master/sprites/pokemon/100.png,images/voltorb.png
101,electrode,https://raw.githubusercontent.com/PokeAPI/sprites/master/sprites/pokemon/101.png,images/electrode.png
102,exeggcute,https://raw.githubusercontent.com/PokeAPI/sprites/master/sprites/pokemon/102.png,images/exeggcute.png
103,exeggutor,https://raw.githubusercontent.com/PokeAPI/sprites/master/sprites/pokemon/103.png,images/exeggutor.png
104,cubone,https://raw.githubusercontent.com/PokeAPI/sprites/master/sprites/pokemon/104.png,images/cubone.png
105,marowak,https://raw.githubusercontent.com/PokeAPI/sprites/master/sprites/pokemon/105.png,images/marowak.png
106,hitmonlee,https://raw.githubusercontent.com/PokeAPI/sprites/master/sprites/pokemon/106.png,images/hitmonlee.png
107,hitmonchan,https://raw.githubusercontent.com/PokeAPI/sprites/master/sprites/pokemon/107.png,images/hitmonchan.png
108,lickitung,https://raw.githubusercontent.com/PokeAPI/sprites/master/sprites/pokemon/108.png,images/lickitung.png
109,koffing,https://raw.githubusercontent.com/PokeAPI/sprites/master/sprites/pokemon/109.png,images/koffing.png
110,weezing,https://raw.githubusercontent.com/PokeAPI/sprites/master/sprites/pokemon/110.png,images/weezing.png
111,rhyhorn,https://raw.githubusercontent.com/PokeAPI/sprites/master/sprites/pokemon/111.png,images/rhyhorn.png
112,rhydon,https://raw.githubusercontent.com/PokeAPI/sprites/master/sprites/pokemon/112.png,images/rhydon.png
113,chansey,https://raw.githubusercontent.com/PokeAPI/sprites/master/sprites/pokemon/113.png,images/chansey.png
114,tangela,https://raw.githubusercontent.com/PokeAPI/sprites/master/sprites/pokemon/114.png,images/tangela.png
115,kangaskhan,https://raw.githubusercontent.com/PokeAPI/sprites/master/sprites/pokemon/115.png,images/kangaskhan.png
116,horsea,https://raw.githubusercontent.com/PokeAPI/sprites/master/sprites/pokemon/116.png,images/horsea.png
117,seadra,https://raw.githubusercontent.com/PokeAPI/sprites/master/sprites/pokemon/117.png,images/seadra.png
118,goldeen,https://raw.githubusercontent.com/PokeAPI/sprites/master/sprites/pokemon/118.png,images/goldeen.png
119,seaking,https://raw.githubusercontent.com/PokeAPI/sprites/master/sprites/pokemon/119.png,images/seaking.png
120,staryu,https://raw.githubusercontent.com/PokeAPI/sprites/master/sprites/pokemon/120.png,images/staryu.png
121,starmie,https://raw.githubusercontent.com/PokeAPI/sprites/master/sprites/pokemon/121.png,images/starmie.png
122,mr-mime,https://raw.githubusercontent.com/PokeAPI/sprites/master/sprites/pokemon/122.png,images/mr-mime.png
123,scyther,https://raw.githubusercontent.com/PokeAPI/sprites/master/sprites/pokemon/123.png,images/scyther.png
124,jynx,https://raw.githubusercontent.com/PokeAPI/sprites/master/sprites/pokemon/124.png,images/jynx.png
125,electabuzz,https://raw.githubusercontent.com/PokeAPI/sprites/master/sprites/pokemon/125.png,images/electabuzz.png
126,magmar,https://raw.githubusercontent.com/PokeAPI/sprites/master/sprites/pokemon/126.png,images/magmar.png
127,pinsir,https://raw.githubusercontent.com/PokeAPI/sprites/master/sprites/pokemon/127.png,images/pinsir.png
128,tauros,https://raw.githubusercontent.com/PokeAPI/sprites/master/sprites/pokemon/128.png,images/tauros.png
129,magikarp,https://raw.githubusercontent.com/PokeAPI/sprites/master/sprites/pokemon/129.png,images/magikarp.png
130,gyarados,https://raw.githubusercontent.com/PokeAPI/sprites/master/sprites/pokemon/130.png,images/gyarados.png
131,lapras,https://raw.githubusercontent.com/PokeAPI/sprites/master/sprites/pokemon/131.png,images/lapras.png
132,ditto,https://raw.githubusercontent.com/PokeAPI/sprites/master/sprites/pokemon/132.png,images/ditto.png
133,eevee,https://raw.githubusercontent.com/PokeAPI/sprites/master/sprites/pokemon/133.png,images/eevee.png
134,vaporeon,https://raw.githubusercontent.com/PokeAPI/sprites/master/sprites/pokemon/134.png,images/vaporeon.png
135,jolteon,https://raw.githubusercontent.com/PokeAPI/sprites/master/sprites/pokemon/135.png,images/jolteon.png
136,flareon,https://raw.githubusercontent.com/PokeAPI/sprites/master/sprites/pokemon/136.png,images/flareon.png
137,porygon,https://raw.githubusercontent.com/PokeAPI/sprites/master/sprites/pokemon/137.png,images/porygon.png
138,omanyte,https://raw.githubusercontent.com/PokeAPI/sprites/master/sprites/pokemon/138.png,images/omanyte.png
139,omastar,https://raw.githubusercontent.com/PokeAPI/sprites/master/sprites/pokemon/139.png,images/omastar.png
140,kabuto,https://raw.githubusercontent.com/PokeAPI/sprites/master/sprites/pokemon/140.png,images/kabuto.png
141,kabutops,https://raw.githubusercontent.com/PokeAPI/sprites/master/sprites/pokemon/141.png,images/kabutops.png
142,aerodactyl,https://raw.githubusercontent.com/PokeAPI/sprites/master/sprites/pokemon/142.png,images/aerodactyl.png
143,snorlax,https://raw.githubusercontent.com/PokeAPI/sprites/master/sprites/pokemon/143.png,images/snorlax.png
144,articuno,https://raw.githubusercontent.com/PokeAPI/sprites/master/sprites/pokemon/144.png,images/articuno.png
145,zapdos,https://raw.githubusercontent.com/PokeAPI/sprites/master/sprites/pokemon/145.png,images/zapdos.png
146,moltres,https://raw.githubusercontent.com/PokeAPI/sprites/master/sprites/pokemon/146.png,images/moltres.png
147,dratini,https://raw.githubusercontent.com/PokeAPI/sprites/master/sprites/pokemon/147.png,images/dratini.png
148,dragonair,https://raw.githubusercontent.com/PokeAPI/sprites/master/sprites/pokemon/148.png,images/dragonair.png
149,dragonite,https://raw.githubusercontent.com/PokeAPI/sprites/master/sprites/pokemon/149.png,images/dragonite.png
150,mewtwo,https://raw.githubusercontent.com/PokeAPI/sprites/master/sprites/pokemon/150.png,images/mewtwo.png
151,mew,https://raw.githubusercontent.com/PokeAPI/sprites/master/sprites/pokemon/151.png,images/mew.png
152,chikorita,https://raw.githubusercontent.com/PokeAPI/sprites/master/sprites/pokemon/152.png,images/chikorita.png
153,bayleef,https://raw.githubusercontent.com/PokeAPI/sprites/master/sprites/pokemon/153.png,images/bayleef.png
154,meganium,https://raw.githubusercontent.com/PokeAPI/sprites/master/sprites/pokemon/154.png,images/meganium.png
155,cyndaquil,https://raw.githubusercontent.com/PokeAPI/sprites/master/sprites/pokemon/155.png,images/cyndaquil.png
156,quilava,https://raw.githubusercontent.com/PokeAPI/sprites/master/sprites/pokemon/156.png,images/quilava.png
157,typhlosion,https://raw.githubusercontent.com/PokeAPI/sprites/master/sprites/pokemon/157.png,images/typhlosion.png
158,totodile,https://raw.githubusercontent.com/PokeAPI/sprites/master/sprites/pokemon/158.png,images/totodile.png
159,croconaw,https://raw.githubusercontent.com/PokeAPI/sprites/master/sprites/pokemon/159.png,images/croconaw.png
160,feraligatr,https://raw.githubusercontent.com/PokeAPI/sprites/master/sprites/pokemon/160.png,images/feraligatr.png
161,sentret,https://raw.githubusercontent.com/PokeAPI/sprites/master/sprites/pokemon/161.png,images/sentret.png
162,furret,https://raw.githubusercontent.com/PokeAPI/sprites/master/sprites/pokemon/162.png,images/furret.png
163,hoothoot,https://raw.githubusercontent.com/PokeAPI/sprites/master/sprites/pokemon/163.png,images/hoothoot.png
164,noctowl,https://raw.githubusercontent.com/PokeAPI/sprites/master/sprites/pokemon/164.png,images/noctowl.png
165,ledyba,https://raw.githubusercontent.com/PokeAPI/sprites/master/sprites/pokemon/165.png,images/ledyba.png
166,ledian,https://raw.githubusercontent.com/PokeAPI/sprites/master/sprites/pokemon/166.png,images/ledian.png
167,spinarak,https://raw.githubusercontent.com/PokeAPI/sprites/master/sprites/pokemon/167.png,images/spinarak.png
168,ariados,https://raw.githubusercontent.com/PokeAPI/sprites/master/sprites/pokemon/168.png,images/ariados.png
169,crobat,https://raw.githubusercontent.com/PokeAPI/sprites/master/sprites/pokemon/169.png,images/crobat.png
170,chinchou,https://raw.githubusercontent.com/PokeAPI/sprites/master/sprites/pokemon/170.png,images/chinchou.png
171,lanturn,https://raw.githubusercontent.com/PokeAPI/sprites/master/sprites/pokemon/171.png,images/lanturn.png
172,pichu,https://raw.githubusercontent.com/PokeAPI/sprites/master/sprites/pokemon/172.png,images/pichu.png
173,cleffa,https://raw.githubusercontent.com/PokeAPI/sprites/master/sprites/pokemon/173.png,images/cleffa.png
174,igglybuff,https://raw.githubusercontent.com/PokeAPI/sprites/master/sprites/pokemon/174.png,images/igglybuff.png
175,togepi,https://raw.githubusercontent.com/PokeAPI/sprites/master/sprites/pokemon/175.png,images/togepi.png
176,togetic,https://raw.githubusercontent.com/PokeAPI/sprites/master/sprites/pokemon/176.png,images/togetic.png
177,natu,https://raw.githubusercontent.com/PokeAPI/sprites/master/sprites/pokemon/177.png,images/natu.png
178,xatu,https://raw.githubusercontent.com/PokeAPI/sprites/master/sprites/pokemon/178.png,images/xatu.png
179,mareep,https://raw.githubusercontent.com/PokeAPI/sprites/master/sprites/pokemon/179.png,images/mareep.png
180,flaaffy,https://raw.githubusercontent.com/PokeAPI/sprites/master/sprites/pokemon/180.png,images/flaaffy.png
181,ampharos,https://raw.githubusercontent.com/PokeAPI/sprites/master/sprites/pokemon/181.png,images/ampharos.png
182,bellossom,https://raw.githubusercontent.com/PokeAPI/sprites/master/sprites/pokemon/182.png,images/bellossom.png
183,marill,https://raw.githubusercontent.com/PokeAPI/sprites/master/sprites/pokemon/183.png,images/marill.png
184,azumarill,https://raw.githubusercontent.com/PokeAPI/sprites/master/sprites/pokemon/184.png,images/azumarill.png
185,sudowoodo,https://raw.githubusercontent.com/PokeAPI/sprites/master/sprites/pokemon/185.png,images/sudowoodo.png
186,politoed,https://raw.githubusercontent.com/PokeAPI/sprites/master/sprites/pokemon/186.png,images/politoed.png
187,hoppip,https://raw.githubusercontent.com/PokeAPI/sprites/master/sprites/pokemon/187.png,images/hoppip.png
188,skiploom,https://raw.githubusercontent.com/PokeAPI/sprites/master/sprites/pokemon/188.png,images/skiploom.png
189,jumpluff,https://raw.githubusercontent.com/PokeAPI/sprites/master/sprites/pokemon/189.png,images/jumpluff.png
190,aipom,https://raw.githubusercontent.com/PokeAPI/sprites/master/sprites/pokemon/190.png,images/aipom.png
191,sunkern,https://raw.githubusercontent.com/PokeAPI/sprites/master/sprites/pokemon/191.png,images/sunkern.png
192,sunflora,https://raw.githubusercontent.com/PokeAPI/sprites/master/sprites/pokemon/192.png,images/sunflora.png
193,yanma,https://raw.githubusercontent.com/PokeAPI/sprites/master/sprites/pokemon/193.png,images/yanma.png
194,wooper,https://raw.githubusercontent.com/PokeAPI/sprites/master/sprites/pokemon/194.png,images/wooper.png
195,quagsire,https://raw.githubusercontent.com/PokeAPI/sprites/master/sprites/pokemon/195.png,images/quagsire.png
196,espeon,https://raw.githubusercontent.com/PokeAPI/sprites/master/sprites/pokemon/196.png,images/espeon.png
197,umbreon,https://raw.githubusercontent.com/PokeAPI/sprites/master/sprites/pokemon/197.png,images/umbreon.png
198,murkrow,https://raw.githubusercontent.com/PokeAPI/sprites/master/sprites/pokemon/198.png,images/murkrow.png
199,slowking,https://raw.githubusercontent.com/PokeAPI/sprites/master/sprites/pokemon/199.png,images/slowking.png
200,misdreavus,https://raw.githubusercontent.com/PokeAPI/sprites/master/sprites/pokemon/200.png,images/misdreavus.png
201,unown,https://raw.githubusercontent.com/PokeAPI/sprites/master/sprites/pokemon/201.png,images/unown.png
202,wobbuffet,https://raw.githubusercontent.com/PokeAPI/sprites/master/sprites/pokemon/202.png,images/wobbuffet.png
203,girafarig,https://raw.githubusercontent.com/PokeAPI/sprites/master/sprites/pokemon/203.png,images/girafarig.png
204,pineco,https://raw.githubusercontent.com/PokeAPI/sprites/master/sprites/pokemon/204.png,images/pineco.png
205,forretress,https://raw.githubusercontent.com/PokeAPI/sprites/master/sprites/pokemon/205.png,images/forretress.png
206,dunsparce,https://raw.githubusercontent.com/PokeAPI/sprites/master/sprites/pokemon/206.png,images/dunsparce.png
207,gligar,https://raw.githubusercontent.com/PokeAPI/sprites/master/sprites/pokemon/207.png,images/gligar.png
208,steelix,https://raw.githubusercontent.com/PokeAPI/sprites/master/sprites/pokemon/208.png,images/steelix.png
209,snubbull,https://raw.githubusercontent.com/PokeAPI/sprites/master/sprites/pokemon/209.png,images/snubbull.png
210,granbull,https://raw.githubusercontent.com/PokeAPI/sprites/master/sprites/pokemon/210.png,images/granbull.png
211,qwilfish,https://raw.githubusercontent.com/PokeAPI/sprites/master/sprites/pokemon/211.png,images/qwilfish.png
212,scizor,https://raw.githubusercontent.com/PokeAPI/sprites/master/sprites/pokemon/212.png,images/scizor.png
213,shuckle,https://raw.githubusercontent.com/PokeAPI/sprites/master/sprites/pokemon/213.png,images/shuckle.png
214,heracross,https://raw.githubusercontent.com/PokeAPI/sprites/master/sprites/pokemon/214.png,images/heracross.png
215,sneasel,https://raw.githubusercontent.com/PokeAPI/sprites/master/sprites/pokemon/215.png,images/sneasel.png
216,teddiursa,https://raw.githubusercontent.com/PokeAPI/sprites/master/sprites/pokemon/216.png,images/teddiursa.png
217,ursaring,https://raw.githubusercontent.com/PokeAPI/sprites/master/sprites/pokemon/217.png,images/ursaring.png
218,slugma,https://raw.githubusercontent.com/PokeAPI/sprites/master/sprites/pokemon/218.png,images/slugma.png
219,magcargo,https://raw.githubusercontent.com/PokeAPI/sprites/master/sprites/pokemon/219.png,images/magcargo.png
220,swinub,https://raw.githubusercontent.com/PokeAPI/sprites/master/sprites/pokemon/220.png,images/swinub.png
221,piloswine,https://raw.githubusercontent.com/PokeAPI/sprites/master/sprites/pokemon/221.png,images/piloswine.png
222,corsola,https://raw.githubusercontent.com/PokeAPI/sprites/master/sprites/pokemon/222.png,images/corsola.png
223,remoraid,https://raw.githubusercontent.com/PokeAPI/sprites/master/sprites/pokemon/223.png,images/remoraid.png
224,octillery,https://raw.githubusercontent.com/PokeAPI/sprites/master/sprites/pokemon/224.png,images/octillery.png
225,delibird,https://raw.githubusercontent.com/PokeAPI/sprites/master/sprites/pokemon/225.png,images/delibird.png
226,mantine,https://raw.githubusercontent.com/PokeAPI/sprites/master/sprites/pokemon/226.png,images/mantine.png
227,skarmory,https://raw.githubusercontent.com/PokeAPI/sprites/master/sprites/pokemon/227.png,images/skarmory.png
228,houndour,https://raw.githubusercontent.com/PokeAPI/sprites/master/sprites/pokemon/228.png,images/houndour.png
229,houndoom,https://raw.githubusercontent.com/PokeAPI/sprites/master/sprites/pokemon/229.png,images/houndoom.png
230,kingdra,https://raw.githubusercontent.com/PokeAPI/sprites/master/sprites/pokemon/230.png,images/kingdra.png
231,phanpy,https://raw.githubusercontent.com/PokeAPI/sprites/master/sprites/pokemon/231.png,images/phanpy.png
232,donphan,https://raw.githubusercontent.com/PokeAPI/sprites/master/sprites/pokemon/232.png,images/donphan.png
233,porygon2,https://raw.githubusercontent.com/PokeAPI/sprites/master/sprites/pokemon/233.png,images/porygon2.png
234,stantler,https://raw.githubusercontent.com/PokeAPI/sprites/master/sprites/pokemon/234.png,images/stantler.png
235,smeargle,https://raw.githubusercontent.com/PokeAPI/sprites/master/sprites/pokemon/235.png,images/smeargle.png
236,tyrogue,https://raw.githubusercontent.com/PokeAPI/sprites/master/sprites/pokemon/236.png,images/tyrogue.png
237,hitmontop,https://raw.githubusercontent.com/PokeAPI/sprites/master/sprites/pokemon/237.png,images/hitmontop.png
238,smoochum,https://raw.githubusercontent.com/PokeAPI/sprites/master/sprites/pokemon/238.png,images/smoochum.png
239,elekid,https://raw.githubusercontent.com/PokeAPI/sprites/master/sprites/pokemon/239.png,images/elekid.png
240,magby,https://raw.githubusercontent.com/PokeAPI/sprites/master/sprites/pokemon/240.png,images/magby.png
241,miltank,https://raw.githubusercontent.com/PokeAPI/sprites/master/sprites/pokemon/241.png,images/miltank.png
242,blissey,https://raw.githubusercontent.com/PokeAPI/sprites/master/sprites/pokemon/242.png,images/blissey.png
243,raikou,https://raw.githubusercontent.com/PokeAPI/sprites/master/sprites/pokemon/243.png,images/raikou.png
244,entei,https://raw.githubusercontent.com/PokeAPI/sprites/master/sprites/pokemon/244.png,images/entei.png
245,suicune,https://raw.githubusercontent.com/PokeAPI/sprites/master/sprites/pokemon/245.png,images/suicune.png
246,larvitar,https://raw.githubusercontent.com/PokeAPI/sprites/master/sprites/pokemon/246.png,images/larvitar.png
247,pupitar,https://raw.githubusercontent.com/PokeAPI/sprites/master/sprites/pokemon/247.png,images/pupitar.png
248,tyranitar,https://raw.githubusercontent.com/PokeAPI/sprites/master/sprites/pokemon/248.png,images/tyranitar.png
249,lugia,https://raw.githubusercontent.com/PokeAPI/sprites/master/sprites/pokemon/249.png,images/lugia.png
250,ho-oh,https://raw.githubusercontent.com/PokeAPI/sprites/master/sprites/pokemon/250.png,images/ho-oh.png
251,celebi,https://raw.githubusercontent.com/PokeAPI/sprites/master/sprites/pokemon/251.png,images/celebi.png
252,treecko,https://raw.githubusercontent.com/PokeAPI/sprites/master/sprites/pokemon/252.png,images/treecko.png
253,grovyle,https://raw.githubusercontent.com/PokeAPI/sprites/master/sprites/pokemon/253.png,images/grovyle.png
254,sceptile,https://raw.githubusercontent.com/PokeAPI/sprites/master/sprites/pokemon/254.png,images/sceptile.png
255,torchic,https://raw.githubusercontent.com/PokeAPI/sprites/master/sprites/pokemon/255.png,images/torchic.png
256,combusken,https://raw.githubusercontent.com/PokeAPI/sprites/master/sprites/pokemon/256.png,images/combusken.png
257,blaziken,https://raw.githubusercontent.com/PokeAPI/sprites/master/sprites/pokemon/257.png,images/blaziken.png
258,mudkip,https://raw.githubusercontent.com/PokeAPI/sprites/master/sprites/pokemon/258.png,images/mudkip.png
259,marshtomp,https://raw.githubusercontent.com/PokeAPI/sprites/master/sprites/pokemon/259.png,images/marshtomp.png
260,swampert,https://raw.githubusercontent.com/PokeAPI/sprites/master/sprites/pokemon/260.png,images/swampert.png
261,poochyena,https://raw.githubusercontent.com/PokeAPI/sprites/master/sprites/pokemon/261.png,images/poochyena.png
262,mightyena,https://raw.githubusercontent.com/PokeAPI/sprites/master/sprites/pokemon/262.png,images/mightyena.png
263,zigzagoon,https://raw.githubusercontent.com/PokeAPI/sprites/master/sprites/pokemon/263.png,images/zigzagoon.png
264,linoone,https://raw.githubusercontent.com/PokeAPI/sprites/master/sprites/pokemon/264.png,images/linoone.png
265,wurmple,https://raw.githubusercontent.com/PokeAPI/sprites/master/sprites/pokemon/265.png,images/wurmple.png
266,silcoon,https://raw.githubusercontent.com/PokeAPI/sprites/master/sprites/pokemon/266.png,images/silcoon.png
267,beautifly,https://raw.githubusercontent.com/PokeAPI/sprites/master/sprites/pokemon/267.png,images/beautifly.png
268,cascoon,https://raw.githubusercontent.com/PokeAPI/sprites/master/sprites/pokemon/268.png,images/cascoon.png
269,dustox,https://raw.githubusercontent.com/PokeAPI/sprites/master/sprites/pokemon/269.png,images/dustox.png
270,lotad,https://raw.githubusercontent.com/PokeAPI/sprites/master/sprites/pokemon/270.png,images/lotad.png
271,lombre,https://raw.githubusercontent.com/PokeAPI/sprites/master/sprites/pokemon/271.png,images/lombre.png
272,ludicolo,https://raw.githubusercontent.com/PokeAPI/sprites/master/sprites/pokemon/272.png,images/ludicolo.png
273,seedot,https://raw.githubusercontent.com/PokeAPI/sprites/master/sprites/pokemon/273.png,images/seedot.png
274,nuzleaf,https://raw.githubusercontent.com/PokeAPI/sprites/master/sprites/pokemon/274.png,images/nuzleaf.png
275,shiftry,https://raw.githubusercontent.com/PokeAPI/sprites/master/sprites/pokemon/275.png,images/shiftry.png
276,taillow,https://raw.githubusercontent.com/PokeAPI/sprites/master/sprites/pokemon/276.png,images/taillow.png
277,swellow,https://raw.githubusercontent.com/PokeAPI/sprites/master/sprites/pokemon/277.png,images/swellow.png
278,wingull,https://raw.githubusercontent.com/PokeAPI/sprites/master/sprites/pokemon/278.png,images/wingull.png
279,pelipper,https://raw.githubusercontent.com/PokeAPI/sprites/master/sprites/pokemon/279.png,images/pelipper.png
280,ralts,https://raw.githubusercontent.com/PokeAPI/sprites/master/sprites/pokemon/280.png,images/ralts.png
281,kirlia,https://raw.githubusercontent.com/PokeAPI/sprites/master/sprites/pokemon/281.png,images/kirlia.png
282,gardevoir,https://raw.githubusercontent.com/PokeAPI/sprites/master/sprites/pokemon/282.png,images/gardevoir.png
283,surskit,https://raw.githubusercontent.com/PokeAPI/sprites/master/sprites/pokemon/283.png,images/surskit.png
284,masquerain,https://raw.githubusercontent.com/PokeAPI/sprites/master/sprites/pokemon/284.png,images/masquerain.png
285,shroomish,https://raw.githubusercontent.com/PokeAPI/sprites/master/sprites/pokemon/285.png,images/shroomish.png
286,breloom,https://raw.githubusercontent.com/PokeAPI/sprites/master/sprites/pokemon/286.png,images/breloom.png
287,slakoth,https://raw.githubusercontent.com/PokeAPI/sprites/master/sprites/pokemon/287.png,images/slakoth.png
288,vigoroth,https://raw.githubusercontent.com/PokeAPI/sprites/master/sprites/pokemon/288.png,images/vigoroth.png
289,slaking,https://raw.githubusercontent.com/PokeAPI/sprites/master/sprites/pokemon/289.png,images/slaking.png
290,nincada,https://raw.githubusercontent.com/PokeAPI/sprites/master/sprites/pokemon/290.png,images/nincada.png
291,ninjask,https://raw.githubusercontent.com/PokeAPI/sprites/master/sprites/pokemon/291.png,images/ninjask.png
292,shedinja,https://raw.githubusercontent.com/PokeAPI/sprites/master/sprites/pokemon/292.png,images/shedinja.png
293,whismur,https://raw.githubusercontent.com/PokeAPI/sprites/master/sprites/pokemon/293.png,images/whismur.png
294,loudred,https://raw.githubusercontent.com/PokeAPI/sprites/master/sprites/pokemon/294.png,images/loudred.png
295,exploud,https://raw.githubusercontent.com/PokeAPI/sprites/master/sprites/pokemon/295.png,images/exploud.png
296,makuhita,https://raw.githubusercontent.com/PokeAPI/sprites/master/sprites/pokemon/296.png,images/makuhita.png
297,hariyama,https://raw.githubusercontent.com/PokeAPI/sprites/master/sprites/pokemon/297.png,images/hariyama.png
298,azurill,https://raw.githubusercontent.com/PokeAPI/sprites/master/sprites/pokemon/298.png,images/azurill.png
299,nosepass,https://raw.githubusercontent.com/PokeAPI/sprites/master/sprites/pokemon/299.png,images/nosepass.png
300,skitty,https://raw.githubusercontent.com/PokeAPI/sprites/master/sprites/pokemon/300.png,images/skitty.png
301,delcatty,https://raw.githubusercontent.com/PokeAPI/sprites/master/sprites/pokemon/301.png,images/delcatty.png
302,sableye,https://raw.githubusercontent.com/PokeAPI/sprites/master/sprites/pokemon/302.png,images/sableye.png
303,mawile,https://raw.githubusercontent.com/PokeAPI/sprites/master/sprites/pokemon/303.png,images/mawile.png
304,aron,https://raw.githubusercontent.com/PokeAPI/sprites/master/sprites/pokemon/304.png,images/aron.png
305,lairon,https://raw.githubusercontent.com/PokeAPI/sprites/master/sprites/pokemon/305.png,images/lairon.png
306,aggron,https://raw.githubusercontent.com/PokeAPI/sprites/master/sprites/pokemon/306.png,images/aggron.png
307,meditite,https://raw.githubusercontent.com/PokeAPI/sprites/master/sprites/pokemon/307.png,images/meditite.png
308,medicham,https://raw.githubusercontent.com/PokeAPI/sprites/master/sprites/pokemon/308.png,images/medicham.png
309,electrike,https://raw.githubusercontent.com/PokeAPI/sprites/master/sprites/pokemon/309.png,images/electrike.png
310,manectric,https://raw.githubusercontent.com/PokeAPI/sprites/master/sprites/pokemon/310.png,images/manectric.png
311,plusle,https://raw.githubusercontent.com/PokeAPI/sprites/master/sprites/pokemon/311.png,images/plusle.png
312,minun,https://raw.githubusercontent.com/PokeAPI/sprites/master/sprites/pokemon/312.png,images/minun.png
313,volbeat,https://raw.githubusercontent.com/PokeAPI/sprites/master/sprites/pokemon/313.png,images/volbeat.png
314,illumise,https://raw.githubusercontent.com/PokeAPI/sprites/master/sprites/pokemon/314.png,images/illumise.png
315,roselia,https://raw.githubusercontent.com/PokeAPI/sprites/master/sprites/pokemon/315.png,images/roselia.png
316,gulpin,https://raw.githubusercontent.com/PokeAPI/sprites/master/sprites/pokemon/316.png,images/gulpin.png
317,swalot,https://raw.githubusercontent.com/PokeAPI/sprites/master/sprites/pokemon/317.png,images/swalot.png
318,carvanha,https://raw.githubusercontent.com/PokeAPI/sprites/master/sprites/pokemon/318.png,images/carvanha.png
319,sharpedo,https://raw.githubusercontent.com/PokeAPI/sprites/master/sprites/pokemon/319.png,images/sharpedo.png
320,wailmer,https://raw.githubusercontent.com/PokeAPI/sprites/master/sprites/pokemon/320.png,images/wailmer.png
321,wailord,https://raw.githubusercontent.com/PokeAPI/sprites/master/sprites/pokemon/321.png,images/wailord.png
322,numel,https://raw.githubusercontent.com/PokeAPI/sprites/master/sprites/pokemon/322.png,images/numel.png
323,camerupt,https://raw.githubusercontent.com/PokeAPI/sprites/master/sprites/pokemon/323.png,images/camerupt.png
324,torkoal,https://raw.githubusercontent.com/PokeAPI/sprites/master/sprites/pokemon/324.png,images/torkoal.png
325,spoink,https://raw.githubusercontent.com/PokeAPI/sprites/master/sprites/pokemon/325.png,images/spoink.png
326,grumpig,https://raw.githubusercontent.com/PokeAPI/sprites/master/sprites/pokemon/326.png,images/grumpig.png
327,spinda,https://raw.githubusercontent.com/PokeAPI/sprites/master/sprites/pokemon/327.png,images/spinda.png
328,trapinch,https://raw.githubusercontent.com/PokeAPI/sprites/master/sprites/pokemon/328.png,images/trapinch.png
329,vibrava,https://raw.githubusercontent.com/PokeAPI/sprites/master/sprites/pokemon/329.png,images/vibrava.png
330,flygon,https://raw.githubusercontent.com/PokeAPI/sprites/master/sprites/pokemon/330.png,images/flygon.png
331,cacnea,https://raw.githubusercontent.com/PokeAPI/sprites/master/sprites/pokemon/331.png,images/cacnea.png
332,cacturne,https://raw.githubusercontent.com/PokeAPI/sprites/master/sprites/pokemon/332.png,images/cacturne.png
333,swablu,https://raw.githubusercontent.com/PokeAPI/sprites/master/sprites/pokemon/333.png,images/swablu.png
334,altaria,https://raw.githubusercontent.com/PokeAPI/sprites/master/sprites/pokemon/334.png,images/altaria.png
335,zangoose,https://raw.githubusercontent.com/PokeAPI/sprites/master/sprites/pokemon/335.png,images/zangoose.png
336,seviper,https://raw.githubusercontent.com/PokeAPI/sprites/master/sprites/pokemon/336.png,images/seviper.png
337,lunatone,https://raw.githubusercontent.com/PokeAPI/sprites/master/sprites/pokemon/337.png,images/lunatone.png
338,solrock,https://raw.githubusercontent.com/PokeAPI/sprites/master/sprites/pokemon/338.png,images/solrock.png
339,barboach,https://raw.githubusercontent.com/PokeAPI/sprites/master/sprites/pokemon/339.png,images/barboach.png
340,whiscash,https://raw.githubusercontent.com/PokeAPI/sprites/master/sprites/pokemon/340.png,images/whiscash.png
341,corphish,https://raw.githubusercontent.com/PokeAPI/sprites/master/sprites/pokemon/341.png,images/corphish.png
342,crawdaunt,https://raw.githubusercontent.com/PokeAPI/sprites/master/sprites/pokemon/342.png,images/crawdaunt.png
343,baltoy,https://raw.githubusercontent.com/PokeAPI/sprites/master/sprites/pokemon/343.png,images/baltoy.png
344,claydol,https://raw.githubusercontent.com/PokeAPI/sprites/master/sprites/pokemon/344.png,images/claydol.png
345,lileep,https://raw.githubusercontent.com/PokeAPI/sprites/master/sprites/pokemon/345.png,images/lileep.png
346,cradily,https://raw.githubusercontent.com/PokeAPI/sprites/master/sprites/pokemon/346.png,images/cradily.png
347,anorith,https://raw.githubusercontent.com/PokeAPI/sprites/master/sprites/pokemon/347.png,images/anorith.png
348,armaldo,https://raw.githubusercontent.com/PokeAPI/sprites/master/sprites/pokemon/348.png,images/armaldo.png
349,feebas,https://raw.githubusercontent.com/PokeAPI/sprites/master/sprites/pokemon/349.png,images/feebas.png
350,milotic,https://raw.githubusercontent.com/PokeAPI/sprites/master/sprites/pokemon/350.png,images/milotic.png
351,castform,https://raw.githubusercontent.com/PokeAPI/sprites/master/sprites/pokemon/351.png,images/castform.png
352,kecleon,https://raw.githubusercontent.com/PokeAPI/sprites/master/sprites/pokemon/352.png,images/kecleon.png
353,shuppet,https://raw.githubusercontent.com/PokeAPI/sprites/master/sprites/pokemon/353.png,images/shuppet.png
354,banette,https://raw.githubusercontent.com/PokeAPI/sprites/master/sprites/pokemon/354.png,images/banette.png
355,duskull,https://raw.githubusercontent.com/PokeAPI/sprites/master/sprites/pokemon/355.png,images/duskull.png
356,dusclops,https://raw.githubusercontent.com/PokeAPI/sprites/master/sprites/pokemon/356.png,images/dusclops.png
357,tropius,https://raw.githubusercontent.com/PokeAPI/sprites/master/sprites/pokemon/357.png,images/tropius.png
358,chimecho,https://raw.githubusercontent.com/PokeAPI/sprites/master/sprites/pokemon/358.png,images/chimecho.png
359,absol,https://raw.githubusercontent.com/PokeAPI/sprites/master/sprites/pokemon/359.png,images/absol.png
360,wynaut,https://raw.githubusercontent.com/PokeAPI/sprites/master/sprites/pokemon/360.png,images/wynaut.png
361,snorunt,https://raw.githubusercontent.com/PokeAPI/sprites/master/sprites/pokemon/361.png,images/snorunt.png
362,glalie,https://raw.githubusercontent.com/PokeAPI/sprites/master/sprites/pokemon/362.png,images/glalie.png
363,spheal,https://raw.githubusercontent.com/PokeAPI/sprites/master/sprites/pokemon/363.png,images/spheal.png
364,sealeo,https://raw.githubusercontent.com/PokeAPI/sprites/master/sprites/pokemon/364.png,images/sealeo.png
365,walrein,https://raw.githubusercontent.com/PokeAPI/sprites/master/sprites/pokemon/365.png,images/walrein.png
366,clamperl,https://raw.githubusercontent.com/PokeAPI/sprites/master/sprites/pokemon/366.png,images/clamperl.png
367,huntail,https://raw.githubusercontent.com/PokeAPI/sprites/master/sprites/pokemon/367.png,images/huntail.png
368,gorebyss,https://raw.githubusercontent.com/PokeAPI/sprites/master/sprites/pokemon/368.png,images/gorebyss.png
369,relicanth,https://raw.githubusercontent.com/PokeAPI/sprites/master/sprites/pokemon/369.png,images/relicanth.png
370,luvdisc,https://raw.githubusercontent.com/PokeAPI/sprites/master/sprites/pokemon/370.png,images/luvdisc.png
371,bagon,https://raw.githubusercontent.com/PokeAPI/sprites/master/sprites/pokemon/371.png,images/bagon.png
372,shelgon,https://raw.githubusercontent.com/PokeAPI/sprites/master/sprites/pokemon/372.png,images/shelgon.png
373,salamence,https://raw.githubusercontent.com/PokeAPI/sprites/master/sprites/pokemon/373.png,images/salamence.png
374,beldum,https://raw.githubusercontent.com/PokeAPI/sprites/master/sprites/pokemon/374.png,images/beldum.png
375,metang,https://raw.githubusercontent.com/PokeAPI/sprites/master/sprites/pokemon/375.png,images/metang.png
376,metagross,https://raw.githubusercontent.com/PokeAPI/sprites/master/sprites/pokemon/376.png,images/metagross.png
377,regirock,https://raw.githubusercontent.com/PokeAPI/sprites/master/sprites/pokemon/377.png,images/regirock.png
378,regice,https://raw.githubusercontent.com/PokeAPI/sprites/master/sprites/pokemon/378.png,images/regice.png
379,registeel,https://raw.githubusercontent.com/PokeAPI/sprites/master/sprites/pokemon/379.png,images/registeel.png
380,latias,https://raw.githubusercontent.com/PokeAPI/sprites/master/sprites/pokemon/380.png,images/latias.png
381,latios,https://raw.githubusercontent.com/PokeAPI/sprites/master/sprites/pokemon/381.png,images/latios.png
382,kyogre,https://raw.githubusercontent.com/PokeAPI/sprites/master/sprites/pokemon/382.png,images/kyogre.png
383,groudon,https://raw.githubusercontent.com/PokeAPI/sprites/master/sprites/pokemon/383.png,images/groudon.png
384,rayquaza,https://raw.githubusercontent.com/PokeAPI/sprites/master/sprites/pokemon/384.png,images/rayquaza.png
385,jirachi,https://raw.githubusercontent.com/PokeAPI/sprites/master/sprites/pokemon/385.png,images/jirachi.png
386,deoxys-normal,https://raw.githubusercontent.com/PokeAPI/sprites/master/sprites/pokemon/386.png,images/deoxys-normal.png
387,turtwig,https://raw.githubusercontent.com/PokeAPI/sprites/master/sprites/pokemon/387.png,images/turtwig.png
388,grotle,https://raw.githubusercontent.com/PokeAPI/sprites/master/sprites/pokemon/388.png,images/grotle.png
389,torterra,https://raw.githubusercontent.com/PokeAPI/sprites/master/sprites/pokemon/389.png,images/torterra.png
390,chimchar,https://raw.githubusercontent.com/PokeAPI/sprites/master/sprites/pokemon/390.png,images/chimchar.png
391,monferno,https://raw.githubusercontent.com/PokeAPI/sprites/master/sprites/pokemon/391.png,images/monferno.png
392,infernape,https://raw.githubusercontent.com/PokeAPI/sprites/master/sprites/pokemon/392.png,images/infernape.png
393,piplup,https://raw.githubusercontent.com/PokeAPI/sprites/master/sprites/pokemon/393.png,images/piplup.png
394,prinplup,https://raw.githubusercontent.com/PokeAPI/sprites/master/sprites/pokemon/394.png,images/prinplup.png
395,empoleon,https://raw.githubusercontent.com/PokeAPI/sprites/master/sprites/pokemon/395.png,images/empoleon.png
396,starly,https://raw.githubusercontent.com/PokeAPI/sprites/master/sprites/pokemon/396.png,images/starly.png
397,staravia,https://raw.githubusercontent.com/PokeAPI/sprites/master/sprites/pokemon/397.png,images/staravia.png
398,staraptor,https://raw.githubusercontent.com/PokeAPI/sprites/master/sprites/pokemon/398.png,images/staraptor.png
399,bidoof,https://raw.githubusercontent.com/PokeAPI/sprites/master/sprites/pokemon/399.png,images/bidoof.png
400,bibarel,https://raw.githubusercontent.com/PokeAPI/sprites/master/sprites/pokemon/400.png,images/bibarel.png
401,kricketot,https://raw.githubusercontent.com/PokeAPI/sprites/master/sprites/pokemon/401.png,images/kricketot.png
402,kricketune,https://raw.githubusercontent.com/PokeAPI/sprites/master/sprites/pokemon/402.png,images/kricketune.png
403,shinx,https://raw.githubusercontent.com/PokeAPI/sprites/master/sprites/pokemon/403.png,images/shinx.png
404,luxio,https://raw.githubusercontent.com/PokeAPI/sprites/master/sprites/pokemon/404.png,images/luxio.png
405,luxray,https://raw.githubusercontent.com/PokeAPI/sprites/master/sprites/pokemon/405.png,images/luxray.png
406,budew,https://raw.githubusercontent.com/PokeAPI/sprites/master/sprites/pokemon/406.png,images/budew.png
407,roserade,https://raw.githubusercontent.com/PokeAPI/sprites/master/sprites/pokemon/407.png,images/roserade.png
408,cranidos,https://raw.githubusercontent.com/PokeAPI/sprites/master/sprites/pokemon/408.png,images/cranidos.png
409,rampardos,https://raw.githubusercontent.com/PokeAPI/sprites/master/sprites/pokemon/409.png,images/rampardos.png
410,shieldon,https://raw.githubusercontent.com/PokeAPI/sprites/master/sprites/pokemon/410.png,images/shieldon.png
411,bastiodon,https://raw.githubusercontent.com/PokeAPI/sprites/master/sprites/pokemon/411.png,images/bastiodon.png
412,burmy,https://raw.githubusercontent.com/PokeAPI/sprites/master/sprites/pokemon/412.png,images/burmy.png
413,wormadam-plant,https://raw.githubusercontent.com/PokeAPI/sprites/master/sprites/pokemon/413.png,images/wormadam-plant.png
414,mothim,https://raw.githubusercontent.com/PokeAPI/sprites/master/sprites/pokemon/414.png,images/mothim.png
415,combee,https://raw.githubusercontent.com/PokeAPI/sprites/master/sprites/pokemon/415.png,images/combee.png
416,vespiquen,https://raw.githubusercontent.com/PokeAPI/sprites/master/sprites/pokemon/416.png,images/vespiquen.png
417,pachirisu,https://raw.githubusercontent.com/PokeAPI/sprites/master/sprites/pokemon/417.png,images/pachirisu.png
418,buizel,https://raw.githubusercontent.com/PokeAPI/sprites/master/sprites/pokemon/418.png,images/buizel.png
419,floatzel,https://raw.githubusercontent.com/PokeAPI/sprites/master/sprites/pokemon/419.png,images/floatzel.png
420,cherubi,https://raw.githubusercontent.com/PokeAPI/sprites/master/sprites/pokemon/420.png,images/cherubi.png
421,cherrim,https://raw.githubusercontent.com/PokeAPI/sprites/master/sprites/pokemon/421.png,images/cherrim.png
422,shellos,https://raw.githubusercontent.com/PokeAPI/sprites/master/sprites/pokemon/422.png,images/shellos.png
423,gastrodon,https://raw.githubusercontent.com/PokeAPI/sprites/master/sprites/pokemon/423.png,images/gastrodon.png
424,ambipom,https://raw.githubusercontent.com/PokeAPI/sprites/master/sprites/pokemon/424.png,images/ambipom.png
425,drifloon,https://raw.githubusercontent.com/PokeAPI/sprites/master/sprites/pokemon/425.png,images/drifloon.png
426,drifblim,https://raw.githubusercontent.com/PokeAPI/sprites/master/sprites/pokemon/426.png,images/drifblim.png
427,buneary,https://raw.githubusercontent.com/PokeAPI/sprites/master/sprites/pokemon/427.png,images/buneary.png
428,lopunny,https://raw.githubusercontent.com/PokeAPI/sprites/master/sprites/pokemon/428.png,images/lopunny.png
429,mismagius,https://raw.githubusercontent.com/PokeAPI/sprites/master/sprites/pokemon/429.png,images/mismagius.png
430,honchkrow,https://raw.githubusercontent.com/PokeAPI/sprites/master/sprites/pokemon/430.png,images/honchkrow.png
431,glameow,https://raw.githubusercontent.com/PokeAPI/sprites/master/sprites/pokemon/431.png,images/glameow.png
432,purugly,https://raw.githubusercontent.com/PokeAPI/sprites/master/sprites/pokemon/432.png,images/purugly.png
433,chingling,https://raw.githubusercontent.com/PokeAPI/sprites/master/sprites/pokemon/433.png,images/chingling.png
434,stunky,https://raw.githubusercontent.com/PokeAPI/sprites/master/sprites/pokemon/434.png,images/stunky.png
435,skuntank,https://raw.githubusercontent.com/PokeAPI/sprites/master/sprites/pokemon/435.png,images/skuntank.png
436,bronzor,https://raw.githubusercontent.com/PokeAPI/sprites/master/sprites/pokemon/436.png,images/bronzor.png
437,bronzong,https://raw.githubusercontent.com/PokeAPI/sprites/master/sprites/pokemon/437.png,images/bronzong.png
438,bonsly,https://raw.githubusercontent.com/PokeAPI/sprites/master/sprites/pokemon/438.png,images/bonsly.png
439,mime-jr,https://raw.githubusercontent.com/PokeAPI/sprites/master/sprites/pokemon/439.png,images/mime-jr.png
440,happiny,https://raw.githubusercontent.com/PokeAPI/sprites/master/sprites/pokemon/440.png,images/happiny.png
441,chatot,https://raw.githubusercontent.com/PokeAPI/sprites/master/sprites/pokemon/441.png,images/chatot.png
442,spiritomb,https://raw.githubusercontent.com/PokeAPI/sprites/master/sprites/pokemon/442.png,images/spiritomb.png
443,gible,https://raw.githubusercontent.com/PokeAPI/sprites/master/sprites/pokemon/443.png,images/gible.png
444,gabite,https://raw.githubusercontent.com/PokeAPI/sprites/master/sprites/pokemon/444.png,images/gabite.png
445,garchomp,https://raw.githubusercontent.com/PokeAPI/sprites/master/sprites/pokemon/445.png,images/garchomp.png
446,munchlax,https://raw.githubusercontent.com/PokeAPI/sprites/master/sprites/pokemon/446.png,images/munchlax.png
447,riolu,https://raw.githubusercontent.com/PokeAPI/sprites/master/sprites/pokemon/447.png,images/riolu.png
448,lucario,https://raw.githubusercontent.com/PokeAPI/sprites/master/sprites/pokemon/448.png,images/lucario.png
449,hippopotas,https://raw.githubusercontent.com/PokeAPI/sprites/master/sprites/pokemon/449.png,images/hippopotas.png
450,hippowdon,https://raw.githubusercontent.com/PokeAPI/sprites/master/sprites/pokemon/450.png,images/hippowdon.png
451,skorupi,https://raw.githubusercontent.com/PokeAPI/sprites/master/sprites/pokemon/451.png,images/skorupi.png
452,drapion,https://raw.githubusercontent.com/PokeAPI/sprites/master/sprites/pokemon/452.png,images/drapion.png
453,croagunk,https://raw.githubusercontent.com/PokeAPI/sprites/master/sprites/pokemon/453.png,images/croagunk.png
454,toxicroak,https://raw.githubusercontent.com/PokeAPI/sprites/master/sprites/pokemon/454.png,images/toxicroak.png
455,carnivine,https://raw.githubusercontent.com/PokeAPI/sprites/master/sprites/pokemon/455.png,images/carnivine.png
456,finneon,https://raw.githubusercontent.com/PokeAPI/sprites/master/sprites/pokemon/456.png,images/finneon.png
457,lumineon,https://raw.githubusercontent.com/PokeAPI/sprites/master/sprites/pokemon/457.png,images/lumineon.png
458,mantyke,https://raw.githubusercontent.com/PokeAPI/sprites/master/sprites/pokemon/458.png,images/mantyke.png
459,snover,https://raw.githubusercontent.com/PokeAPI/sprites/master/sprites/pokemon/459.png,images/snover.png
460,abomasnow,https://raw.githubusercontent.com/PokeAPI/sprites/master/sprites/pokemon/460.png,images/abomasnow.png
461,weavile,https://raw.githubusercontent.com/PokeAPI/sprites/master/sprites/pokemon/461.png,images/weavile.png
462,magnezone,https://raw.githubusercontent.com/PokeAPI/sprites/master/sprites/pokemon/462.png,images/magnezone.png
463,lickilicky,https://raw.githubusercontent.com/PokeAPI/sprites/master/sprites/pokemon/463.png,images/lickilicky.png
464,rhyperior,https://raw.githubusercontent.com/PokeAPI/sprites/master/sprites/pokemon/464.png,images/rhyperior.png
465,tangrowth,https://raw.githubusercontent.com/PokeAPI/sprites/master/sprites/pokemon/465.png,images/tangrowth.png
466,electivire,https://raw.githubusercontent.com/PokeAPI/sprites/master/sprites/pokemon/466.png,images/electivire.png
467,magmortar,https://raw.githubusercontent.com/PokeAPI/sprites/master/sprites/pokemon/467.png,images/magmortar.png
468,togekiss,https://raw.githubusercontent.com/PokeAPI/sprites/master/sprites/pokemon/468.png,images/togekiss.png
469,yanmega,https://raw.githubusercontent.com/PokeAPI/sprites/master/sprites/pokemon/469.png,images/yanmega.png
470,leafeon,https://raw.githubusercontent.com/PokeAPI/sprites/master/sprites/pokemon/470.png,images/leafeon.png
471,glaceon,https://raw.githubusercontent.com/PokeAPI/sprites/master/sprites/pokemon/471.png,images/glaceon.png
472,gliscor,https://raw.githubusercontent.com/PokeAPI/sprites/master/sprites/pokemon/472.png,images/gliscor.png
473,mamoswine,https://raw.githubusercontent.com/PokeAPI/sprites/master/sprites/pokemon/473.png,images/mamoswine.png
474,porygon-z,https://raw.githubusercontent.com/PokeAPI/sprites/master/sprites/pokemon/474.png,images/porygon-z.png
475,gallade,https://raw.githubusercontent.com/PokeAPI/sprites/master/sprites/pokemon/475.png,images/gallade.png
476,probopass,https://raw.githubusercontent.com/PokeAPI/sprites/master/sprites/pokemon/476.png,images/probopass.png
477,dusknoir,https://raw.githubusercontent.com/PokeAPI/sprites/master/sprites/pokemon/477.png,images/dusknoir.png
478,froslass,https://raw.githubusercontent.com/PokeAPI/sprites/master/sprites/pokemon/478.png,images/froslass.png
479,rotom,https://raw.githubusercontent.com/PokeAPI/sprites/master/sprites/pokemon/479.png,images/rotom.png
480,uxie,https://raw.githubusercontent.com/PokeAPI/sprites/master/sprites/pokemon/480.png,images/uxie.png
481,mesprit,https://raw.githubusercontent.com/PokeAPI/sprites/master/sprites/pokemon/481.png,images/mesprit.png
482,azelf,https://raw.githubusercontent.com/PokeAPI/sprites/master/sprites/pokemon/482.png,images/azelf.png
483,dialga,https://raw.githubusercontent.com/PokeAPI/sprites/master/sprites/pokemon/483.png,images/dialga.png
484,palkia,https://raw.githubusercontent.com/PokeAPI/sprites/master/sprites/pokemon/484.png,images/palkia.png
485,heatran,https://raw.githubusercontent.com/PokeAPI/sprites/master/sprites/pokemon/485.png,images/heatran.png
486,regigigas,https://raw.githubusercontent.com/PokeAPI/sprites/master/sprites/pokemon/486.png,images/regigigas.png
487,giratina-altered,https://raw.githubusercontent.com/PokeAPI/sprites/master/sprites/pokemon/487.png,images/giratina-altered.png
488,cresselia,https://raw.githubusercontent.com/PokeAPI/sprites/master/sprites/pokemon/488.png,images/cresselia.png
489,phione,https://raw.githubusercontent.com/PokeAPI/sprites/master/sprites/pokemon/489.png,images/phione.png
490,manaphy,https://raw.githubusercontent.com/PokeAPI/sprites/master/sprites/pokemon/490.png,images/manaphy.png
491,darkrai,https://raw.githubusercontent.com/PokeAPI/sprites/master/sprites/pokemon/491.png,images/darkrai.png
492,shaymin-land,https://raw.githubusercontent.com/PokeAPI/sprites/master/sprites/pokemon/492.png,images/shaymin-land.png
493,arceus,https://raw.githubusercontent.com/PokeAPI/sprites/master/sprites/pokemon/493.png,images/arceus.png
494,victini,https://raw.githubusercontent.com/PokeAPI/sprites/master/sprites/pokemon/494.png,images/victini.png
495,snivy,https://raw.githubusercontent.com/PokeAPI/sprites/master/sprites/pokemon/495.png,images/snivy.png
496,servine,https://raw.githubusercontent.com/PokeAPI/sprites/master/sprites/pokemon/496.png,images/servine.png
497,serperior,https://raw.githubusercontent.com/PokeAPI/sprites/master/sprites/pokemon/497.png,images/serperior.png
498,tepig,https://raw.githubusercontent.com/PokeAPI/sprites/master/sprites/pokemon/498.png,images/tepig.png
499,pignite,https://raw.githubusercontent.com/PokeAPI/sprites/master/sprites/pokemon/499.png,images/pignite.png
500,emboar,https://raw.githubusercontent.com/PokeAPI/sprites/master/sprites/pokemon/500.png,images/emboar.png
501,oshawott,https://raw.githubusercontent.com/PokeAPI/sprites/master/sprites/pokemon/501.png,images/oshawott.png
502,dewott,https://raw.githubusercontent.com/PokeAPI/sprites/master/sprites/pokemon/502.png,images/dewott.png
503,samurott,https://raw.githubusercontent.com/PokeAPI/sprites/master/sprites/pokemon/503.png,images/samurott.png
504,patrat,https://raw.githubusercontent.com/PokeAPI/sprites/master/sprites/pokemon/504.png,images/patrat.png
505,watchog,https://raw.githubusercontent.com/PokeAPI/sprites/master/sprites/pokemon/505.png,images/watchog.png
506,lillipup,https://raw.githubusercontent.com/PokeAPI/sprites/master/sprites/pokemon/506.png,images/lillipup.png
507,herdier,https://raw.githubusercontent.com/PokeAPI/sprites/master/sprites/pokemon/507.png,images/herdier.png
508,stoutland,https://raw.githubusercontent.com/PokeAPI/sprites/master/sprites/pokemon/508.png,images/stoutland.png
509,purrloin,https://raw.githubusercontent.com/PokeAPI/sprites/master/sprites/pokemon/509.png,images/purrloin.png
510,liepard,https://raw.githubusercontent.com/PokeAPI/sprites/master/sprites/pokemon/510.png,images/liepard.png
511,pansage,https://raw.githubusercontent.com/PokeAPI/sprites/master/sprites/pokemon/511.png,images/pansage.png
512,simisage,https://raw.githubusercontent.com/PokeAPI/sprites/master/sprites/pokemon/512.png,images/simisage.png
513,pansear,https://raw.githubusercontent.com/PokeAPI/sprites/master/sprites/pokemon/513.png,images/pansear.png
514,simisear,https://raw.githubusercontent.com/PokeAPI/sprites/master/sprites/pokemon/514.png,images/simisear.png
515,panpour,https://raw.githubusercontent.com/PokeAPI/sprites/master/sprites/pokemon/515.png,images/panpour.png
516,simipour,https://raw.githubusercontent.com/PokeAPI/sprites/master/sprites/pokemon/516.png,images/simipour.png
517,munna,https://raw.githubusercontent.com/PokeAPI/sprites/master/sprites/pokemon/517.png,images/munna.png
518,musharna,https://raw.githubusercontent.com/PokeAPI/sprites/master/sprites/pokemon/518.png,images/musharna.png
519,pidove,https://raw.githubusercontent.com/PokeAPI/sprites/master/sprites/pokemon/519.png,images/pidove.png
520,tranquill,https://raw.githubusercontent.com/PokeAPI/sprites/master/sprites/pokemon/520.png,images/tranquill.png
521,unfezant,https://raw.githubusercontent.com/PokeAPI/sprites/master/sprites/pokemon/521.png,images/unfezant.png
522,blitzle,https://raw.githubusercontent.com/PokeAPI/sprites/master/sprites/pokemon/522.png,images/blitzle.png
523,zebstrika,https://raw.githubusercontent.com/PokeAPI/sprites/master/sprites/pokemon/523.png,images/zebstrika.png
524,roggenrola,https://raw.githubusercontent.com/PokeAPI/sprites/master/sprites/pokemon/524.png,images/roggenrola.png
525,boldore,https://raw.githubusercontent.com/PokeAPI/sprites/master/sprites/pokemon/525.png,images/boldore.png
526,gigalith,https://raw.githubusercontent.com/PokeAPI/sprites/master/sprites/pokemon/526.png,images/gigalith.png
527,woobat,https://raw.githubusercontent.com/PokeAPI/sprites/master/sprites/pokemon/527.png,images/woobat.png
528,swoobat,https://raw.githubusercontent.com/PokeAPI/sprites/master/sprites/pokemon/528.png,images/swoobat.png
529,drilbur,https://raw.githubusercontent.com/PokeAPI/sprites/master/sprites/pokemon/529.png,images/drilbur.png
530,excadrill,https://raw.githubusercontent.com/PokeAPI/sprites/master/sprites/pokemon/530.png,images/excadrill.png
531,audino,https://raw.githubusercontent.com/PokeAPI/sprites/master/sprites/pokemon/531.png,images/audino.png
532,timburr,https://raw.githubusercontent.com/PokeAPI/sprites/master/sprites/pokemon/532.png,images/timburr.png
533,gurdurr,https://raw.githubusercontent.com/PokeAPI/sprites/master/sprites/pokemon/533.png,images/gurdurr.png
534,conkeldurr,https://raw.githubusercontent.com/PokeAPI/sprites/master/sprites/pokemon/534.png,images/conkeldurr.png
535,tympole,https://raw.githubusercontent.com/PokeAPI/sprites/master/sprites/pokemon/535.png,images/tympole.png
536,palpitoad,https://raw.githubusercontent.com/PokeAPI/sprites/master/sprites/pokemon/536.png,images/palpitoad.png
537,seismitoad,https://raw.githubusercontent.com/PokeAPI/sprites/master/sprites/pokemon/537.png,images/seismitoad.png
538,throh,https://raw.githubusercontent.com/PokeAPI/sprites/master/sprites/pokemon/538.png,images/throh.png
539,sawk,https://raw.githubusercontent.com/PokeAPI/sprites/master/sprites/pokemon/539.png,images/sawk.png
540,sewaddle,https://raw.githubusercontent.com/PokeAPI/sprites/master/sprites/pokemon/540.png,images/sewaddle.png
541,swadloon,https://raw.githubusercontent.com/PokeAPI/sprites/master/sprites/pokemon/541.png,images/swadloon.png
542,leavanny,https://raw.githubusercontent.com/PokeAPI/sprites/master/sprites/pokemon/542.png,images/leavanny.png
543,venipede,https://raw.githubusercontent.com/PokeAPI/sprites/master/sprites/pokemon/543.png,images/venipede.png
544,whirlipede,https://raw.githubusercontent.com/PokeAPI/sprites/master/sprites/pokemon/544.png,images/whirlipede.png
545,scolipede,https://raw.githubusercontent.com/PokeAPI/sprites/master/sprites/pokemon/545.png,images/scolipede.png
546,cottonee,https://raw.githubusercontent.com/PokeAPI/sprites/master/sprites/pokemon/546.png,images/cottonee.png
547,whimsicott,https://raw.githubusercontent.com/PokeAPI/sprites/master/sprites/pokemon/547.png,images/whimsicott.png
548,petilil,https://raw.githubusercontent.com/PokeAPI/sprites/master/sprites/pokemon/548.png,images/petilil.png
549,lilligant,https://raw.githubusercontent.com/PokeAPI/sprites/master/sprites/pokemon/549.png,images/lilligant.png
550,basculin-red-striped,https://raw.githubusercontent.com/PokeAPI/sprites/master/sprites/pokemon/550.png,images/basculin-red-striped.png
551,sandile,https://raw.githubusercontent.com/PokeAPI/sprites/master/sprites/pokemon/551.png,images/sandile.png
552,krokorok,https://raw.githubusercontent.com/PokeAPI/sprites/master/sprites/pokemon/552.png,images/krokorok.png
553,krookodile,https://raw.githubusercontent.com/PokeAPI/sprites/master/sprites/pokemon/553.png,images/krookodile.png
554,darumaka,https://raw.githubusercontent.com/PokeAPI/sprites/master/sprites/pokemon/554.png,images/darumaka.png
555,darmanitan-standard,https://raw.githubusercontent.com/PokeAPI/sprites/master/sprites/pokemon/555.png,images/darmanitan-standard.png
556,maractus,https://raw.githubusercontent.com/PokeAPI/sprites/master/sprites/pokemon/556.png,images/maractus.png
557,dwebble,https://raw.githubusercontent.com/PokeAPI/sprites/master/sprites/pokemon/557.png,images/dwebble.png
558,crustle,https://raw.githubusercontent.com/PokeAPI/sprites/master/sprites/pokemon/558.png,images/crustle.png
559,scraggy,https://raw.githubusercontent.com/PokeAPI/sprites/master/sprites/pokemon/559.png,images/scraggy.png
560,scrafty,https://raw.githubusercontent.com/PokeAPI/sprites/master/sprites/pokemon/560.png,images/scrafty.png
561,sigilyph,https://raw.githubusercontent.com/PokeAPI/sprites/master/sprites/pokemon/561.png,images/sigilyph.png
562,yamask,https://raw.githubusercontent.com/PokeAPI/sprites/master/sprites/pokemon/562.png,images/yamask.png
563,cofagrigus,https://raw.githubusercontent.com/PokeAPI/sprites/master/sprites/pokemon/563.png,images/cofagrigus.png
564,tirtouga,https://raw.githubusercontent.com/PokeAPI/sprites/master/sprites/pokemon/564.png,images/tirtouga.png
565,carracosta,https://raw.githubusercontent.com/PokeAPI/sprites/master/sprites/pokemon/565.png,images/carracosta.png
566,archen,https://raw.githubusercontent.com/PokeAPI/sprites/master/sprites/pokemon/566.png,images/archen.png
567,archeops,https://raw.githubusercontent.com/PokeAPI/sprites/master/sprites/pokemon/567.png,images/archeops.png
568,trubbish,https://raw.githubusercontent.com/PokeAPI/sprites/master/sprites/pokemon/568.png,images/trubbish.png
569,garbodor,https://raw.githubusercontent.com/PokeAPI/sprites/master/sprites/pokemon/569.png,images/garbodor.png
570,zorua,https://raw.githubusercontent.com/PokeAPI/sprites/master/sprites/pokemon/570.png,images/zorua.png
571,zoroark,https://raw.githubusercontent.com/PokeAPI/sprites/master/sprites/pokemon/571.png,images/zoroark.png
572,minccino,https://raw.githubusercontent.com/PokeAPI/sprites/master/sprites/pokemon/572.png,images/minccino.png
573,cinccino,https://raw.githubusercontent.com/PokeAPI/sprites/master/sprites/pokemon/573.png,images/cinccino.png
574,gothita,https://raw.githubusercontent.com/PokeAPI/sprites/master/sprites/pokemon/574.png,images/gothita.png
575,gothorita,https://raw.githubusercontent.com/PokeAPI/sprites/master/sprites/pokemon/575.png,images/gothorita.png
576,gothitelle,https://raw.githubusercontent.com/PokeAPI/sprites/master/sprites/pokemon/576.png,images/gothitelle.png
577,solosis,https://raw.githubusercontent.com/PokeAPI/sprites/master/sprites/pokemon/577.png,images/solosis.png
578,duosion,https://raw.githubusercontent.com/PokeAPI/sprites/master/sprites/pokemon/578.png,images/duosion.png
579,reuniclus,https://raw.githubusercontent.com/PokeAPI/sprites/master/sprites/pokemon/579.png,images/reuniclus.png
580,ducklett,https://raw.githubusercontent.com/PokeAPI/sprites/master/sprites/pokemon/580.png,images/ducklett.png
581,swanna,https://raw.githubusercontent.com/PokeAPI/sprites/master/sprites/pokemon/581.png,images/swanna.png
582,vanillite,https://raw.githubusercontent.com/PokeAPI/sprites/master/sprites/pokemon/582.png,images/vanillite.png
583,vanillish,https://raw.githubusercontent.com/PokeAPI/sprites/master/sprites/pokemon/583.png,images/vanillish.png
584,vanilluxe,https://raw.githubusercontent.com/PokeAPI/sprites/master/sprites/pokemon/584.png,images/vanilluxe.png
585,deerling,https://raw.githubusercontent.com/PokeAPI/sprites/master/sprites/pokemon/585.png,images/deerling.png
586,sawsbuck,https://raw.githubusercontent.com/PokeAPI/sprites/master/sprites/pokemon/586.png,images/sawsbuck.png
587,emolga,https://raw.githubusercontent.com/PokeAPI/sprites/master/sprites/pokemon/587.png,images/emolga.png
588,karrablast,https://raw.githubusercontent.com/PokeAPI/sprites/master/sprites/pokemon/588.png,images/karrablast.png
589,escavalier,https://raw.githubusercontent.com/PokeAPI/sprites/master/sprites/pokemon/589.png,images/escavalier.png
590,foongus,https://raw.githubusercontent.com/PokeAPI/sprites/master/sprites/pokemon/590.png,images/foongus.png
591,amoonguss,https://raw.githubusercontent.com/PokeAPI/sprites/master/sprites/pokemon/591.png,images/amoonguss.png
592,frillish,https://raw.githubusercontent.com/PokeAPI/sprites/master/sprites/pokemon/592.png,images/frillish.png
593,jellicent,https://raw.githubusercontent.com/PokeAPI/sprites/master/sprites/pokemon/593.png,images/jellicent.png
594,alomomola,https://raw.githubusercontent.com/PokeAPI/sprites/master/sprites/pokemon/594.png,images/alomomola.png
595,joltik,https://raw.githubusercontent.com/PokeAPI/sprites/master/sprites/pokemon/595.png,images/joltik.png
596,galvantula,https://raw.githubusercontent.com/PokeAPI/sprites/master/sprites/pokemon/596.png,images/galvantula.png
597,ferroseed,https://raw.githubusercontent.com/PokeAPI/sprites/master/sprites/pokemon/597.png,images/ferroseed.png
598,ferrothorn,https://raw.githubusercontent.com/PokeAPI/sprites/master/sprites/pokemon/598.png,images/ferrothorn.png
599,klink,https://raw.githubusercontent.com/PokeAPI/sprites/master/sprites/pokemon/599.png,images/klink.png
600,klang,https://raw.githubusercontent.com/PokeAPI/sprites/master/sprites/pokemon/600.png,images/klang.png
601,klinklang,https://raw.githubusercontent.com/PokeAPI/sprites/master/sprites/pokemon/601.png,images/klinklang.png
602,tynamo,https://raw.githubusercontent.com/PokeAPI/sprites/master/sprites/pokemon/602.png,images/tynamo.png
603,eelektrik,https://raw.githubusercontent.com/PokeAPI/sprites/master/sprites/pokemon/603.png,images/eelektrik.png
604,eelektross,https://raw.githubusercontent.com/PokeAPI/sprites/master/sprites/pokemon/604.png,images/eelektross.png
605,elgyem,https://raw.githubusercontent.com/PokeAPI/sprites/master/sprites/pokemon/605.png,images/elgyem.png
606,beheeyem,https://raw.githubusercontent.com/PokeAPI/sprites/master/sprites/pokemon/606.png,images/beheeyem.png
607,litwick,https://raw.githubusercontent.com/PokeAPI/sprites/master/sprites/pokemon/607.png,images/litwick.png
608,lampent,https://raw.githubusercontent.com/PokeAPI/sprites/master/sprites/pokemon/608.png,images/lampent.png
609,chandelure,https://raw.githubusercontent.com/PokeAPI/sprites/master/sprites/pokemon/609.png,images/chandelure.png
610,axew,https://raw.githubusercontent.com/PokeAPI/sprites/master/sprites/pokemon/610.png,images/axew.png
611,fraxure,https://raw.githubusercontent.com/PokeAPI/sprites/master/sprites/pokemon/611.png,images/fraxure.png
612,haxorus,https://raw.githubusercontent.com/PokeAPI/sprites/master/sprites/pokemon/612.png,images/haxorus.png
613,cubchoo,https://raw.githubusercontent.com/PokeAPI/sprites/master/sprites/pokemon/613.png,images/cubchoo.png
614,beartic,https://raw.githubusercontent.com/PokeAPI/sprites/master/sprites/pokemon/614.png,images/beartic.png
615,cryogonal,https://raw.githubusercontent.com/PokeAPI/sprites/master/sprites/pokemon/615.png,images/cryogonal.png
616,shelmet,https://raw.githubusercontent.com/PokeAPI/sprites/master/sprites/pokemon/616.png,images/shelmet.png
617,accelgor,https://raw.githubusercontent.com/PokeAPI/sprites/master/sprites/pokemon/617.png,images/accelgor.png
618,stunfisk,https://raw.githubusercontent.com/PokeAPI/sprites/master/sprites/pokemon/618.png,images/stunfisk.png
619,mienfoo,https://raw.githubusercontent.com/PokeAPI/sprites/master/sprites/pokemon/619.png,images/mienfoo.png
620,mienshao,https://raw.githubusercontent.com/PokeAPI/sprites/master/sprites/pokemon/620.png,images/mienshao.png
621,druddigon,https://raw.githubusercontent.com/PokeAPI/sprites/master/sprites/pokemon/621.png,images/druddigon.png
622,golett,https://raw.githubusercontent.com/PokeAPI/sprites/master/sprites/pokemon/622.png,images/golett.png
623,golurk,https://raw.githubusercontent.com/PokeAPI/sprites/master/sprites/pokemon/623.png,images/golurk.png
624,pawniard,https://raw.githubusercontent.com/PokeAPI/sprites/master/sprites/pokemon/624.png,images/pawniard.png
625,bisharp,https://raw.githubusercontent.com/PokeAPI/sprites/master/sprites/pokemon/625.png,images/bisharp.png
626,bouffalant,https://raw.githubusercontent.com/PokeAPI/sprites/master/sprites/pokemon/626.png,images/bouffalant.png
627,rufflet,https://raw.githubusercontent.com/PokeAPI/sprites/master/sprites/pokemon/627.png,images/rufflet.png
628,braviary,https://raw.githubusercontent.com/PokeAPI/sprites/master/sprites/pokemon/628.png,images/braviary.png
629,vullaby,https://raw.githubusercontent.com/PokeAPI/sprites/master/sprites/pokemon/629.png,images/vullaby.png
630,mandibuzz,https://raw.githubusercontent.com/PokeAPI/sprites/master/sprites/pokemon/630.png,images/mandibuzz.png
631,heatmor,https://raw.githubusercontent.com/PokeAPI/sprites/master/sprites/pokemon/631.png,images/heatmor.png
632,durant,https://raw.githubusercontent.com/PokeAPI/sprites/master/sprites/pokemon/632.png,images/durant.png
633,deino,https://raw.githubusercontent.com/PokeAPI/sprites/master/sprites/pokemon/633.png,images/deino.png
634,zweilous,https://raw.githubusercontent.com/PokeAPI/sprites/master/sprites/pokemon/634.png,images/zweilous.png
635,hydreigon,https://raw.githubusercontent.com/PokeAPI/sprites/master/sprites/pokemon/635.png,images/hydreigon.png
636,larvesta,https://raw.githubusercontent.com/PokeAPI/sprites/master/sprites/pokemon/636.png,images/larvesta.png
637,volcarona,https://raw.githubusercontent.com/PokeAPI/sprites/master/sprites/pokemon/637.png,images/volcarona.png
638,cobalion,https://raw.githubusercontent.com/PokeAPI/sprites/master/sprites/pokemon/638.png,images/cobalion.png
639,terrakion,https://raw.githubusercontent.com/PokeAPI/sprites/master/sprites/pokemon/639.png,images/terrakion.png
640,virizion,https://raw.githubusercontent.com/PokeAPI/sprites/master/sprites/pokemon/640.png,images/virizion.png
641,tornadus-incarnate,https://raw.githubusercontent.com/PokeAPI/sprites/master/sprites/pokemon/641.png,images/tornadus-incarnate.png
642,thundurus-incarnate,https://raw.githubusercontent.com/PokeAPI/sprites/master/sprites/pokemon/642.png,images/thundurus-incarnate.png
643,reshiram,https://raw.githubusercontent.com/PokeAPI/sprites/master/sprites/pokemon/643.png,images/reshiram.png
644,zekrom,https://raw.githubusercontent.com/PokeAPI/sprites/master/sprites/pokemon/644.png,images/zekrom.png
645,landorus-incarnate,https://raw.githubusercontent.com/PokeAPI/sprites/master/sprites/pokemon/645.png,images/landorus-incarnate.png
646,kyurem,https://raw.githubusercontent.com/PokeAPI/sprites/master/sprites/pokemon/646.png,images/kyurem.png
647,keldeo-ordinary,https://raw.githubusercontent.com/PokeAPI/sprites/master/sprites/pokemon/647.png,images/keldeo-ordinary.png
648,meloetta-aria,https://raw.githubusercontent.com/PokeAPI/sprites/master/sprites/pokemon/648.png,images/meloetta-aria.png
649,genesect,https://raw.githubusercontent.com/PokeAPI/sprites/master/sprites/pokemon/649.png,images/genesect.png
650,chespin,https://raw.githubusercontent.com/PokeAPI/sprites/master/sprites/pokemon/650.png,images/chespin.png
651,quilladin,https://raw.githubusercontent.com/PokeAPI/sprites/master/sprites/pokemon/651.png,images/quilladin.png
652,chesnaught,https://raw.githubusercontent.com/PokeAPI/sprites/master/sprites/pokemon/652.png,images/chesnaught.png
653,fennekin,https://raw.githubusercontent.com/PokeAPI/sprites/master/sprites/pokemon/653.png,images/fennekin.png
654,braixen,https://raw.githubusercontent.com/PokeAPI/sprites/master/sprites/pokemon/654.png,images/braixen.png
655,delphox,https://raw.githubusercontent.com/PokeAPI/sprites/master/sprites/pokemon/655.png,images/delphox.png
656,froakie,https://raw.githubusercontent.com/PokeAPI/sprites/master/sprites/pokemon/656.png,images/froakie.png
657,frogadier,https://raw.githubusercontent.com/PokeAPI/sprites/master/sprites/pokemon/657.png,images/frogadier.png
658,greninja,https://raw.githubusercontent.com/PokeAPI/sprites/master/sprites/pokemon/658.png,images/greninja.png
659,bunnelby,https://raw.githubusercontent.com/PokeAPI/sprites/master/sprites/pokemon/659.png,images/bunnelby.png
660,diggersby,https://raw.githubusercontent.com/PokeAPI/sprites/master/sprites/pokemon/660.png,images/diggersby.png
661,fletchling,https://raw.githubusercontent.com/PokeAPI/sprites/master/sprites/pokemon/661.png,images/fletchling.png
662,fletchinder,https://raw.githubusercontent.com/PokeAPI/sprites/master/sprites/pokemon/662.png,images/fletchinder.png
663,talonflame,https://raw.githubusercontent.com/PokeAPI/sprites/master/sprites/pokemon/663.png,images/talonflame.png
664,scatterbug,https://raw.githubusercontent.com/PokeAPI/sprites/master/sprites/pokemon/664.png,images/scatterbug.png
665,spewpa,https://raw.githubusercontent.com/PokeAPI/sprites/master/sprites/pokemon/665.png,images/spewpa.png
666,vivillon,https://raw.githubusercontent.com/PokeAPI/sprites/master/sprites/pokemon/666.png,images/vivillon.png
667,litleo,https://raw.githubusercontent.com/PokeAPI/sprites/master/sprites/pokemon/667.png,images/litleo.png
668,pyroar,https://raw.githubusercontent.com/PokeAPI/sprites/master/sprites/pokemon/668.png,images/pyroar.png
669,flabebe,https://raw.githubusercontent.com/PokeAPI/sprites/master/sprites/pokemon/669.png,images/flabebe.png
670,floette,https://raw.githubusercontent.com/PokeAPI/sprites/master/sprites/pokemon/670.png,images/floette.png
671,florges,https://raw.githubusercontent.com/PokeAPI/sprites/master/sprites/pokemon/671.png,images/florges.png
672,skiddo,https://raw.githubusercontent.com/PokeAPI/sprites/master/sprites/pokemon/672.png,images/skiddo.png
673,gogoat,https://raw.githubusercontent.com/PokeAPI/sprites/master/sprites/pokemon/673.png,images/gogoat.png
674,pancham,https://raw.githubusercontent.com/PokeAPI/sprites/master/sprites/pokemon/674.png,images/pancham.png
675,pangoro,https://raw.githubusercontent.com/PokeAPI/sprites/master/sprites/pokemon/675.png,images/pangoro.png
676,furfrou,https://raw.githubusercontent.com/PokeAPI/sprites/master/sprites/pokemon/676.png,images/furfrou.png
677,espurr,https://raw.githubusercontent.com/PokeAPI/sprites/master/sprites/pokemon/677.png,images/espurr.png
678,meowstic-male,https://raw.githubusercontent.com/PokeAPI/sprites/master/sprites/pokemon/678.png,images/meowstic-male.png
679,honedge,https://raw.githubusercontent.com/PokeAPI/sprites/master/sprites/pokemon/679.png,images/honedge.png
680,doublade,https://raw.githubusercontent.com/PokeAPI/sprites/master/sprites/pokemon/680.png,images/doublade.png
681,aegislash-shield,https://raw.githubusercontent.com/PokeAPI/sprites/master/sprites/pokemon/681.png,images/aegislash-shield.png
682,spritzee,https://raw.githubusercontent.com/PokeAPI/sprites/master/sprites/pokemon/682.png,images/spritzee.png
683,aromatisse,https://raw.githubusercontent.com/PokeAPI/sprites/master/sprites/pokemon/683.png,images/aromatisse.png
684,swirlix,https://raw.githubusercontent.com/PokeAPI/sprites/master/sprites/pokemon/684.png,images/swirlix.png
685,slurpuff,https://raw.githubusercontent.com/PokeAPI/sprites/master/sprites/pokemon/685.png,images/slurpuff.png
686,inkay,https://raw.githubusercontent.com/PokeAPI/sprites/master/sprites/pokemon/686.png,images/inkay.png
687,malamar,https://raw.githubusercontent.com/PokeAPI/sprites/master/sprites/pokemon/687.png,images/malamar.png
688,binacle,https://raw.githubusercontent.com/PokeAPI/sprites/master/sprites/pokemon/688.png,images/binacle.png
689,barbaracle,https://raw.githubusercontent.com/PokeAPI/sprites/master/sprites/pokemon/689.png,images/barbaracle.png
690,skrelp,https://raw.githubusercontent.com/PokeAPI/sprites/master/sprites/pokemon/690.png,images/skrelp.png
691,dragalge,https://raw.githubusercontent.com/PokeAPI/sprites/master/sprites/pokemon/691.png,images/dragalge.png
692,clauncher,https://raw.githubusercontent.com/PokeAPI/sprites/master/sprites/pokemon/692.png,images/clauncher.png
693,clawitzer,https://raw.githubusercontent.com/PokeAPI/sprites/master/sprites/pokemon/693.png,images/clawitzer.png
694,helioptile,https://raw.githubusercontent.com/PokeAPI/sprites/master/sprites/pokemon/694.png,images/helioptile.png
695,heliolisk,https://raw.githubusercontent.com/PokeAPI/sprites/master/sprites/pokemon/695.png,images/heliolisk.png
696,tyrunt,https://raw.githubusercontent.com/PokeAPI/sprites/master/sprites/pokemon/696.png,images/tyrunt.png
697,tyrantrum,https://raw.githubusercontent.com/PokeAPI/sprites/master/sprites/pokemon/697.png,images/tyrantrum.png
698,amaura,https://raw.githubusercontent.com/PokeAPI/sprites/master/sprites/pokemon/698.png,images/amaura.png
699,aurorus,https://raw.githubusercontent.com/PokeAPI/sprites/master/sprites/pokemon/699.png,images/aurorus.png
700,sylveon,https://raw.githubusercontent.com/PokeAPI/sprites/master/sprites/pokemon/700.png,images/sylveon.png
701,hawlucha,https://raw.githubusercontent.com/PokeAPI/sprites/master/sprites/pokemon/701.png,images/hawlucha.png
702,dedenne,https://raw.githubusercontent.com/PokeAPI/sprites/master/sprites/pokemon/702.png,images/dedenne.png
703,carbink,https://raw.githubusercontent.com/PokeAPI/sprites/master/sprites/pokemon/703.png,images/carbink.png
704,goomy,https://raw.githubusercontent.com/PokeAPI/sprites/master/sprites/pokemon/704.png,images/goomy.png
705,sliggoo,https://raw.githubusercontent.com/PokeAPI/sprites/master/sprites/pokemon/705.png,images/sliggoo.png
706,goodra,https://raw.githubusercontent.com/PokeAPI/sprites/master/sprites/pokemon/706.png,images/goodra.png
707,klefki,https://raw.githubusercontent.com/PokeAPI/sprites/master/sprites/pokemon/707.png,images/klefki.png
708,phantump,https://raw.githubusercontent.com/PokeAPI/sprites/master/sprites/pokemon/708.png,images/phantump.png
709,trevenant,https://raw.githubusercontent.com/PokeAPI/sprites/master/sprites/pokemon/709.png,images/trevenant.png
710,pumpkaboo-average,https://raw.githubusercontent.com/PokeAPI/sprites/master/sprites/pokemon/710.png,images/pumpkaboo-average.png
711,gourgeist-average,https://raw.githubusercontent.com/PokeAPI/sprites/master/sprites/pokemon/711.png,images/gourgeist-average.png
712,bergmite,https://raw.githubusercontent.com/PokeAPI/sprites/master/sprites/pokemon/712.png,images/bergmite.png
713,avalugg,https://raw.githubusercontent.com/PokeAPI/sprites/master/sprites/pokemon/713.png,images/avalugg.png
714,noibat,https://raw.githubusercontent.com/PokeAPI/sprites/master/sprites/pokemon/714.png,images/noibat.png
715,noivern,https://raw.githubusercontent.com/PokeAPI/sprites/master/sprites/pokemon/715.png,images/noivern.png
716,xerneas,https://raw.githubusercontent.com/PokeAPI/sprites/master/sprites/pokemon/716.png,images/xerneas.png
717,yveltal,https://raw.githubusercontent.com/PokeAPI/sprites/master/sprites/pokemon/717.png,images/yveltal.png
718,zygarde-50,https://raw.githubusercontent.com/PokeAPI/sprites/master/sprites/pokemon/718.png,images/zygarde-50.png
719,diancie,https://raw.githubusercontent.com/PokeAPI/sprites/master/sprites/pokemon/719.png,images/diancie.png
720,hoopa,https://raw.githubusercontent.com/PokeAPI/sprites/master/sprites/pokemon/720.png,images/hoopa.png
721,volcanion,https://raw.githubusercontent.com/PokeAPI/sprites/master/sprites/pokemon/721.png,images/volcanion.png
722,rowlet,https://raw.githubusercontent.com/PokeAPI/sprites/master/sprites/pokemon/722.png,images/rowlet.png
723,dartrix,https://raw.githubusercontent.com/PokeAPI/sprites/master/sprites/pokemon/723.png,images/dartrix.png
724,decidueye,https://raw.githubusercontent.com/PokeAPI/sprites/master/sprites/pokemon/724.png,images/decidueye.png
725,litten,https://raw.githubusercontent.com/PokeAPI/sprites/master/sprites/pokemon/725.png,images/litten.png
726,torracat,https://raw.githubusercontent.com/PokeAPI/sprites/master/sprites/pokemon/726.png,images/torracat.png
727,incineroar,https://raw.githubusercontent.com/PokeAPI/sprites/master/sprites/pokemon/727.png,images/incineroar.png
728,popplio,https://raw.githubusercontent.com/PokeAPI/sprites/master/sprites/pokemon/728.png,images/popplio.png
729,brionne,https://raw.githubusercontent.com/PokeAPI/sprites/master/sprites/pokemon/729.png,images/brionne.png
730,primarina,https://raw.githubusercontent.com/PokeAPI/sprites/master/sprites/pokemon/730.png,images/primarina.png
731,pikipek,https://raw.githubusercontent.com/PokeAPI/sprites/master/sprites/pokemon/731.png,images/pikipek.png
732,trumbeak,https://raw.githubusercontent.com/PokeAPI/sprites/master/sprites/pokemon/732.png,images/trumbeak.png
733,toucannon,https://raw.githubusercontent.com/PokeAPI/sprites/master/sprites/pokemon/733.png,images/toucannon.png
734,yungoos,https://raw.githubusercontent.com/PokeAPI/sprites/master/sprites/pokemon/734.png,images/yungoos.png
735,gumshoos,https://raw.githubusercontent.com/PokeAPI/sprites/master/sprites/pokemon/735.png,images/gumshoos.png
736,grubbin,https://raw.githubusercontent.com/PokeAPI/sprites/master/sprites/pokemon/736.png,images/grubbin.png
737,charjabug,https://raw.githubusercontent.com/PokeAPI/sprites/master/sprites/pokemon/737.png,images/charjabug.png
738,vikavolt,https://raw.githubusercontent.com/PokeAPI/sprites/master/sprites/pokemon/738.png,images/vikavolt.png
739,crabrawler,https://raw.githubusercontent.com/PokeAPI/sprites/master/sprites/pokemon/739.png,images/crabrawler.png
740,crabominable,https://raw.githubusercontent.com/PokeAPI/sprites/master/sprites/pokemon/740.png,images/crabominable.png
741,oricorio-baile,https://raw.githubusercontent.com/PokeAPI/sprites/master/sprites/pokemon/741.png,images/oricorio-baile.png
742,cutiefly,https://raw.githubusercontent.com/PokeAPI/sprites/master/sprites/pokemon/742.png,images/cutiefly.png
743,ribombee,https://raw.githubusercontent.com/PokeAPI/sprites/master/sprites/pokemon/743.png,images/ribombee.png
744,rockruff,https://raw.githubusercontent.com/PokeAPI/sprites/master/sprites/pokemon/744.png,images/rockruff.png
745,lycanroc-midday,https://raw.githubusercontent.com/PokeAPI/sprites/master/sprites/pokemon/745.png,images/lycanroc-midday.png
746,wishiwashi-solo,https://raw.githubusercontent.com/PokeAPI/sprites/master/sprites/pokemon/746.png,images/wishiwashi-solo.png
747,mareanie,https://raw.githubusercontent.com/PokeAPI/sprites/master/sprites/pokemon/747.png,images/mareanie.png
748,toxapex,https://raw.githubusercontent.com/PokeAPI/sprites/master/sprites/pokemon/748.png,images/toxapex.png
749,mudbray,https://raw.githubusercontent.com/PokeAPI/sprites/master/sprites/pokemon/749.png,images/mudbray.png
750,mudsdale,https://raw.githubusercontent.com/PokeAPI/sprites/master/sprites/pokemon/750.png,images/mudsdale.png
751,dewpider,https://raw.githubusercontent.com/PokeAPI/sprites/master/sprites/pokemon/751.png,images/dewpider.png
752,araquanid,https://raw.githubusercontent.com/PokeAPI/sprites/master/sprites/pokemon/752.png,images/araquanid.png
753,fomantis,https://raw.githubusercontent.com/PokeAPI/sprites/master/sprites/pokemon/753.png,images/fomantis.png
754,lurantis,https://raw.githubusercontent.com/PokeAPI/sprites/master/sprites/pokemon/754.png,images/lurantis.png
755,morelull,https://raw.githubusercontent.com/PokeAPI/sprites/master/sprites/pokemon/755.png,images/morelull.png
756,shiinotic,https://raw.githubusercontent.com/PokeAPI/sprites/master/sprites/pokemon/756.png,images/shiinotic.png
757,salandit,https://raw.githubusercontent.com/PokeAPI/sprites/master/sprites/pokemon/757.png,images/salandit.png
758,salazzle,https://raw.githubusercontent.com/PokeAPI/sprites/master/sprites/pokemon/758.png,images/salazzle.png
759,stufful,https://raw.githubusercontent.com/PokeAPI/sprites/master/sprites/pokemon/759.png,images/stufful.png
760,bewear,https://raw.githubusercontent.com/PokeAPI/sprites/master/sprites/pokemon/760.png,images/bewear.png
761,bounsweet,https://raw.githubusercontent.com/PokeAPI/sprites/master/sprites/pokemon/761.png,images/bounsweet.png
762,steenee,https://raw.githubusercontent.com/PokeAPI/sprites/master/sprites/pokemon/762.png,images/steenee.png
763,tsareena,https://raw.githubusercontent.com/PokeAPI/sprites/master/sprites/pokemon/763.png,images/tsareena.png
764,comfey,https://raw.githubusercontent.com/PokeAPI/sprites/master/sprites/pokemon/764.png,images/comfey.png
765,oranguru,https://raw.githubusercontent.com/PokeAPI/sprites/master/sprites/pokemon/765.png,images/oranguru.png
766,passimian,https://raw.githubusercontent.com/PokeAPI/sprites/master/sprites/pokemon/766.png,images/passimian.png
767,wimpod,https://raw.githubusercontent.com/PokeAPI/sprites/master/sprites/pokemon/767.png,images/wimpod.png
768,golisopod,https://raw.githubusercontent.com/PokeAPI/sprites/master/sprites/pokemon/768.png,images/golisopod.png
769,sandygast,https://raw.githubusercontent.com/PokeAPI/sprites/master/sprites/pokemon/769.png,images/sandygast.png
770,palossand,https://raw.githubusercontent.com/PokeAPI/sprites/master/sprites/pokemon/770.png,images/palossand.png
771,pyukumuku,https://raw.githubusercontent.com/PokeAPI/sprites/master/sprites/pokemon/771.png,images/pyukumuku.png
772,type-null,https://raw.githubusercontent.com/PokeAPI/sprites/master/sprites/pokemon/772.png,images/type-null.png
773,silvally,https://raw.githubusercontent.com/PokeAPI/sprites/master/sprites/pokemon/773.png,images/silvally.png
774,minior-red-meteor,https://raw.githubusercontent.com/PokeAPI/sprites/master/sprites/pokemon/774.png,images/minior-red-meteor.png
775,komala,https://raw.githubusercontent.com/PokeAPI/sprites/master/sprites/pokemon/775.png,images/komala.png
776,turtonator,https://raw.githubusercontent.com/PokeAPI/sprites/master/sprites/pokemon/776.png,images/turtonator.png
777,togedemaru,https://raw.githubusercontent.com/PokeAPI/sprites/master/sprites/pokemon/777.png,images/togedemaru.png
778,mimikyu-disguised,https://raw.githubusercontent.com/PokeAPI/sprites/master/sprites/pokemon/778.png,images/mimikyu-disguised.png
779,bruxish,https://raw.githubusercontent.com/PokeAPI/sprites/master/sprites/pokemon/779.png,images/bruxish.png
780,drampa,https://raw.githubusercontent.com/PokeAPI/sprites/master/sprites/pokemon/780.png,images/drampa.png
781,dhelmise,https://raw.githubusercontent.com/PokeAPI/sprites/master/sprites/pokemon/781.png,images/dhelmise.png
782,jangmo-o,https://raw.githubusercontent.com/PokeAPI/sprites/master/sprites/pokemon/782.png,images/jangmo-o.png
783,hakamo-o,https://raw.githubusercontent.com/PokeAPI/sprites/master/sprites/pokemon/783.png,images/hakamo-o.png
784,kommo-o,https://raw.githubusercontent.com/PokeAPI/sprites/master/sprites/pokemon/784.png,images/kommo-o.png
785,tapu-koko,https://raw.githubusercontent.com/PokeAPI/sprites/master/sprites/pokemon/785.png,images/tapu-koko.png
786,tapu-lele,https://raw.githubusercontent.com/PokeAPI/sprites/master/sprites/pokemon/786.png,images/tapu-lele.png
787,tapu-bulu,https://raw.githubusercontent.com/PokeAPI/sprites/master/sprites/pokemon/787.png,images/tapu-bulu.png
788,tapu-fini,https://raw.githubusercontent.com/PokeAPI/sprites/master/sprites/pokemon/788.png,images/tapu-fini.png
789,cosmog,https://raw.githubusercontent.com/PokeAPI/sprites/master/sprites/pokemon/789.png,images/cosmog.png
790,cosmoem,https://raw.githubusercontent.com/PokeAPI/sprites/master/sprites/pokemon/790.png,images/cosmoem.png
791,solgaleo,https://raw.githubusercontent.com/PokeAPI/sprites/master/sprites/pokemon/791.png,images/solgaleo.png
792,lunala,https://raw.githubusercontent.com/PokeAPI/sprites/master/sprites/pokemon/792.png,images/lunala.png
793,nihilego,https://raw.githubusercontent.com/PokeAPI/sprites/master/sprites/pokemon/793.png,images/nihilego.png
794,buzzwole,https://raw.githubusercontent.com/PokeAPI/sprites/master/sprites/pokemon/794.png,images/buzzwole.png
795,pheromosa,https://raw.githubusercontent.com/PokeAPI/sprites/master/sprites/pokemon/795.png,images/pheromosa.png
796,xurkitree,https://raw.githubusercontent.com/PokeAPI/sprites/master/sprites/pokemon/796.png,images/xurkitree.png
797,celesteela,https://raw.githubusercontent.com/PokeAPI/sprites/master/sprites/pokemon/797.png,images/celesteela.png
798,kartana,https://raw.githubusercontent.com/PokeAPI/sprites/master/sprites/pokemon/798.png,images/kartana.png
799,guzzlord,https://raw.githubusercontent.com/PokeAPI/sprites/master/sprites/pokemon/799.png,images/guzzlord.png
800,necrozma,https://raw.githubusercontent.com/PokeAPI/sprites/master/sprites/pokemon/800.png,images/necrozma.png
